NAME,year,CountOfCAMPNAME,SumOfCPETALLC,SumOfCPETECOPNUM,SumOfCPETLEPC,SumOfCPETBILC,SumOfCPETSPEC
,1997,3,532,155,13,13,8
,1998,3,692,72,9,9,12
,1999,7,1536,906,18,22,78
,2000,22,2200,946,4,4,202
,2001,14,472,232,0,0,135
,2002,2,110,75,3,4,19
,2003,6,674,422,3,69,41
,2004,3,183,125,2,2,25
,2005,1,105,43,2,2,18
,2006,3,557,498,4,5,87
,2007,3,606,384,127,128,37
,2017,1,6,4,0,0,0
Abilene ISD,2000,1,49,0,0,0,0
Abilene ISD,2001,1,116,0,0,0,18
Abilene ISD,2002,1,124,27,0,0,29
Abilene ISD,2003,1,166,33,0,0,35
Abilene ISD,2004,1,193,71,1,1,30
Abilene ISD,2005,1,216,65,3,3,43
Abilene ISD,2006,1,206,119,3,3,30
Abilene ISD,2007,2,339,164,3,3,28
Abilene ISD,2008,1,164,107,4,4,26
Abilene ISD,2009,1,210,149,2,2,35
Abilene ISD,2010,1,159,98,2,2,24
Abilene ISD,2011,1,154,120,3,3,22
Abilene ISD,2012,1,158,135,3,3,21
Abilene ISD,2013,1,159,120,3,3,22
Abilene ISD,2014,1,149,100,3,3,19
Abilene ISD,2015,1,174,92,3,3,23
Abilene ISD,2016,2,453,249,5,5,43
Abilene ISD,2017,2,552,333,5,5,54
Abilene ISD,2018,2,589,359,6,6,50
Alamo Heights ISD,1999,1,57,51,0,0,7
Alamo Heights ISD,2000,1,177,58,0,0,19
Alamo Heights ISD,2001,1,231,60,0,0,29
Alamo Heights ISD,2002,1,220,61,0,0,23
Alamo Heights ISD,2003,1,237,85,0,0,36
Alamo Heights ISD,2004,2,532,281,0,0,84
Alamo Heights ISD,2005,2,636,251,0,0,86
Alamo Heights ISD,2006,2,394,243,9,7,53
Alamo Heights ISD,2007,2,404,237,2,2,67
Alamo Heights ISD,2008,2,398,211,5,2,58
Alamo Heights ISD,2009,2,369,228,2,1,54
Alamo Heights ISD,2010,2,321,181,3,1,39
Alamo Heights ISD,2011,3,460,329,61,58,60
Alamo Heights ISD,2012,3,287,196,43,43,38
Alamo Heights ISD,2013,2,175,109,5,2,23
Alamo Heights ISD,2014,2,176,113,8,8,29
Alamo Heights ISD,2015,3,689,174,16,9,29
Alamo Heights ISD,2016,3,820,214,10,7,32
Alamo Heights ISD,2017,3,858,191,43,42,28
Alamo Heights ISD,2018,3,904,202,79,55,41
Aldine ISD,2000,1,126,104,0,0,0
Aldine ISD,2001,1,132,50,0,0,4
Aldine ISD,2002,1,163,153,0,0,1
Aldine ISD,2003,1,199,191,0,38,6
Aldine ISD,2004,2,291,283,36,36,9
Aldine ISD,2005,1,132,128,1,1,3
Aldine ISD,2006,2,436,387,1,0,11
Aldine ISD,2007,3,673,600,1,0,41
Aldine ISD,2008,2,750,630,1,2,39
Aldine ISD,2009,2,823,705,2,2,45
Aldine ISD,2010,3,1323,1083,140,138,47
Aldine ISD,2011,4,1790,1344,175,165,63
Aldine ISD,2012,5,2274,1687,164,159,83
Aldine ISD,2013,5,2405,1806,209,199,95
Aldine ISD,2014,6,2665,1933,359,350,111
Aldine ISD,2015,6,2725,1926,375,356,134
Aldine ISD,2016,6,2848,2132,475,461,140
Aldine ISD,2017,9,4236,3208,878,833,243
Aldine ISD,2018,10,4739,3068,984,936,266
Alief ISD,1999,2,398,303,0,0,0
Alief ISD,2000,4,502,400,87,44,32
Alief ISD,2001,4,548,444,72,44,18
Alief ISD,2002,4,680,548,95,19,28
Alief ISD,2003,5,690,540,96,28,40
Alief ISD,2004,3,528,416,125,128,24
Alief ISD,2005,4,1499,1371,458,387,30
Alief ISD,2006,5,1864,1736,661,512,49
Alief ISD,2007,6,2401,2113,927,866,73
Alief ISD,2008,7,2943,2681,1090,1071,85
Alief ISD,2009,8,2501,2194,803,794,104
Alief ISD,2010,9,3522,3109,1148,1136,186
Alief ISD,2011,8,3149,2702,973,971,183
Alief ISD,2012,8,3237,2695,1076,1071,165
Alief ISD,2013,10,4428,3511,1256,1245,209
Alief ISD,2014,11,4847,3949,1337,1315,236
Alief ISD,2015,10,5324,4371,1441,1415,276
Alief ISD,2016,10,5478,4530,1515,1491,311
Alief ISD,2017,14,7161,5706,2097,2076,404
Alief ISD,2018,14,7470,5599,2324,2300,419
Alvin ISD,2008,1,178,124,10,0,74
Alvin ISD,2009,1,192,20,0,0,74
Amarillo ISD,2002,1,102,0,0,0,3
Amarillo ISD,2003,1,124,62,0,0,8
Amarillo ISD,2004,1,126,73,0,0,11
Amarillo ISD,2005,1,125,57,0,0,12
Amarillo ISD,2006,1,137,72,0,0,12
Amarillo ISD,2007,1,173,87,0,0,16
Amarillo ISD,2008,2,308,158,0,0,26
Amarillo ISD,2009,2,336,184,0,0,39
Amarillo ISD,2010,2,372,190,0,0,44
Amarillo ISD,2011,1,238,161,0,0,31
Amarillo ISD,2012,1,225,168,0,0,31
Amarillo ISD,2013,1,215,122,0,0,26
Amarillo ISD,2014,1,208,137,0,0,26
Amarillo ISD,2015,2,312,161,0,0,30
Amarillo ISD,2016,2,386,215,4,4,41
Amarillo ISD,2017,2,339,225,14,14,31
Amarillo ISD,2018,2,407,266,17,17,58
Angleton ISD,2007,1,202,197,9,4,132
Arlington ISD,2000,1,311,0,0,1,8
Arlington ISD,2001,1,272,15,0,0,14
Arlington ISD,2002,2,544,36,0,0,19
Arlington ISD,2003,2,559,112,12,12,24
Arlington ISD,2004,3,754,282,10,10,124
Arlington ISD,2005,3,853,287,10,9,153
Arlington ISD,2006,3,831,285,9,10,101
Arlington ISD,2007,3,1086,529,10,9,106
Arlington ISD,2008,5,1284,504,80,14,87
Arlington ISD,2009,7,1394,666,122,107,102
Arlington ISD,2010,7,1571,829,192,179,90
Arlington ISD,2011,7,1759,895,226,184,117
Arlington ISD,2012,10,2424,960,297,271,117
Arlington ISD,2013,10,3131,1498,394,347,140
Arlington ISD,2014,12,4935,2561,849,824,245
Arlington ISD,2015,14,6008,3071,979,945,296
Arlington ISD,2016,16,6764,3607,1328,1280,358
Arlington ISD,2017,17,8144,4484,1714,1687,390
Arlington ISD,2018,18,8343,4768,1864,1872,435
Aubrey ISD,2009,1,132,1,0,0,11
Aubrey ISD,2010,1,139,2,0,0,14
Aubrey ISD,2011,1,114,1,0,0,17
Austin ISD,1997,2,149,97,0,0,0
Austin ISD,1998,2,232,154,5,5,12
Austin ISD,1999,4,609,285,10,7,38
Austin ISD,2000,8,810,365,44,5,86
Austin ISD,2001,10,1128,467,30,18,121
Austin ISD,2002,13,1473,698,32,11,161
Austin ISD,2003,17,1914,865,52,56,216
Austin ISD,2004,17,2301,1290,92,90,331
Austin ISD,2005,16,2115,1274,178,142,401
Austin ISD,2006,15,2352,1186,276,231,430
Austin ISD,2007,16,2530,1451,268,254,389
Austin ISD,2008,15,2624,1404,275,253,379
Austin ISD,2009,18,2818,1662,263,253,390
Austin ISD,2010,20,3680,2267,415,408,394
Austin ISD,2011,20,3966,2505,651,650,391
Austin ISD,2012,19,4227,2682,727,709,379
Austin ISD,2013,23,5636,3926,1257,1224,507
Austin ISD,2014,30,7945,5813,2504,2473,696
Austin ISD,2015,31,9677,7191,3178,3131,799
Austin ISD,2016,34,9986,7268,3536,3509,811
Austin ISD,2017,40,12438,9113,4628,4575,1038
Austin ISD,2018,41,13637,9802,5157,5032,1196
Bastrop ISD,2007,1,51,41,0,0,23
Bastrop ISD,2008,1,33,29,0,0,19
Bastrop ISD,2009,1,22,21,0,0,7
Bastrop ISD,2010,1,27,27,0,0,11
Beaumont ISD,2000,2,189,83,0,0,0
Beaumont ISD,2001,2,328,183,1,1,13
Beaumont ISD,2002,4,641,298,0,0,69
Beaumont ISD,2003,4,855,551,2,2,92
Beaumont ISD,2004,4,916,720,0,1,105
Beaumont ISD,2005,4,1048,889,0,0,121
Beaumont ISD,2006,4,986,796,13,13,91
Beaumont ISD,2007,4,899,785,8,4,76
Beaumont ISD,2008,5,1064,810,4,4,67
Beaumont ISD,2009,5,1087,775,6,6,77
Beaumont ISD,2010,4,1000,570,21,21,65
Beaumont ISD,2011,3,895,513,59,56,61
Beaumont ISD,2012,3,882,511,77,73,66
Beaumont ISD,2013,3,909,503,96,93,68
Beaumont ISD,2014,4,1035,641,115,114,71
Beaumont ISD,2015,4,1174,687,139,136,94
Beaumont ISD,2016,4,1276,752,180,177,102
Beaumont ISD,2017,4,1252,721,228,226,120
Beaumont ISD,2018,4,1284,789,281,279,124
Beeville ISD,2002,1,190,101,0,0,11
Beeville ISD,2003,1,208,115,0,0,22
Beeville ISD,2004,1,196,151,0,0,28
Beeville ISD,2005,1,223,179,0,0,40
Beeville ISD,2006,1,224,171,0,0,38
Beeville ISD,2007,1,283,203,0,0,35
Beeville ISD,2008,1,299,232,0,0,29
Beeville ISD,2009,1,319,248,1,1,32
Beeville ISD,2010,1,333,259,0,0,35
Beeville ISD,2011,1,361,274,5,5,32
Beeville ISD,2012,1,396,302,4,4,41
Beeville ISD,2013,1,431,333,0,0,31
Beeville ISD,2014,1,434,333,2,2,30
Beeville ISD,2015,1,450,323,7,7,24
Beeville ISD,2016,1,442,350,11,11,26
Beeville ISD,2017,1,443,355,10,10,29
Beeville ISD,2018,1,457,390,5,5,32
Belton ISD,2000,1,53,50,0,0,20
Belton ISD,2001,1,57,54,0,0,25
Belton ISD,2002,1,64,63,0,0,29
Belton ISD,2003,1,59,47,0,0,41
Belton ISD,2004,1,58,58,0,0,49
Belton ISD,2005,1,60,60,0,0,44
Belton ISD,2006,1,54,54,0,0,34
Belton ISD,2007,1,62,62,0,0,51
Belton ISD,2008,1,66,66,0,0,53
Belton ISD,2017,2,39,9,0,0,10
Belton ISD,2018,2,115,58,0,0,18
Big Sandy ISD (Upshur),2015,1,40,40,0,0,10
Big Sandy ISD (Upshur),2016,1,14,14,0,0,1
Big Sandy ISD (Upshur),2017,1,15,15,2,2,2
Big Sandy ISD (Upshur),2018,1,22,22,1,1,2
Birdville ISD,2007,1,272,111,37,27,31
Birdville ISD,2008,1,307,130,34,28,45
Birdville ISD,2009,1,395,191,42,35,59
Birdville ISD,2010,1,440,213,39,35,46
Birdville ISD,2011,1,345,193,20,19,32
Birdville ISD,2012,1,305,213,12,12,38
Birdville ISD,2013,1,349,187,17,16,36
Birdville ISD,2014,1,340,139,19,15,41
Birdville ISD,2015,1,262,127,19,18,26
Birdville ISD,2016,1,236,134,15,14,27
Birdville ISD,2017,3,1543,788,275,274,96
Birdville ISD,2018,3,1611,941,329,326,89
Bishop Cons ISD,1999,1,40,40,0,0,40
Bishop Cons ISD,2000,1,46,45,0,0,30
Bishop Cons ISD,2001,1,48,48,2,1,26
Bishop Cons ISD,2002,1,56,56,1,1,38
Bishop Cons ISD,2003,1,50,50,0,0,33
Bishop Cons ISD,2004,1,53,53,0,0,28
Bishop Cons ISD,2005,1,20,20,0,0,11
Blanco ISD,2002,1,88,26,0,0,26
Blanco ISD,2003,1,52,23,0,0,11
Boerne ISD,2009,1,30,28,0,0,17
Boerne ISD,2010,1,60,53,0,0,34
Boerne ISD,2011,1,48,43,0,0,28
Boerne ISD,2012,1,57,47,0,0,33
Boerne ISD,2013,1,70,65,0,0,27
Boerne ISD,2014,1,97,86,0,0,44
Boerne ISD,2015,1,100,91,0,0,46
Boerne ISD,2016,1,101,88,0,0,37
Boerne ISD,2017,1,86,75,0,0,36
Boerne ISD,2018,1,83,74,0,0,33
Brazos ISD,2009,1,33,30,0,0,3
Brazos ISD,2010,1,25,22,0,0,2
Brenham ISD,2001,1,18,0,0,0,10
Brenham ISD,2002,1,20,20,0,0,12
Brenham ISD,2003,1,15,0,0,0,10
Brenham ISD,2004,1,13,5,0,0,5
Brenham ISD,2005,1,15,15,0,0,6
Brenham ISD,2006,1,9,4,0,0,3
Brenham ISD,2007,1,10,0,0,0,1
Brenham ISD,2008,1,10,0,1,1,4
Brooks County ISD,1999,1,61,53,9,9,1
Brooks County ISD,2000,1,70,64,12,12,0
Brooks County ISD,2001,1,69,64,12,12,2
Brooks County ISD,2002,1,67,63,9,9,1
Brooks County ISD,2003,1,62,45,8,8,2
Brooks County ISD,2004,1,52,44,10,10,5
Brooks County ISD,2005,1,57,45,6,6,6
Brooks County ISD,2006,1,70,47,7,7,6
Brooks County ISD,2007,1,73,58,11,11,8
Brooks County ISD,2008,1,61,46,10,11,8
Brooks County ISD,2009,1,49,34,6,7,5
Brooks County ISD,2010,1,40,29,4,8,1
Brooks County ISD,2011,1,32,26,2,4,1
Brownsville ISD,2000,2,312,234,0,0,0
Brownsville ISD,2001,2,320,206,0,0,8
Brownsville ISD,2002,2,335,207,39,39,6
Brownsville ISD,2003,3,458,334,213,213,20
Brownsville ISD,2004,3,549,465,271,268,39
Brownsville ISD,2005,3,571,518,341,338,53
Brownsville ISD,2006,3,567,530,363,359,40
Brownsville ISD,2007,4,764,676,504,493,43
Brownsville ISD,2008,5,1174,1010,517,497,63
Brownsville ISD,2009,6,1807,1531,739,713,64
Brownsville ISD,2010,6,2167,1857,843,804,79
Brownsville ISD,2011,6,2339,1976,758,728,104
Brownsville ISD,2012,7,2869,2463,1001,969,142
Brownsville ISD,2013,9,3647,2850,1395,1392,171
Brownsville ISD,2014,9,3969,3401,1577,1531,183
Brownsville ISD,2015,9,4929,4024,1898,1846,241
Brownsville ISD,2016,10,5551,4595,2273,2204,262
Brownsville ISD,2017,11,5962,5036,2627,2510,298
Brownsville ISD,2018,13,6955,5959,2980,2869,341
Bryan ISD,2000,1,44,0,0,0,0
Bryan ISD,2001,1,152,3,0,0,20
Bryan ISD,2002,1,118,10,0,0,17
Bryan ISD,2003,2,223,142,43,43,37
Bryan ISD,2004,3,175,146,24,24,49
Bryan ISD,2005,3,252,150,27,43,56
Bryan ISD,2006,2,113,94,0,0,15
Bryan ISD,2007,2,106,76,0,0,12
Bryan ISD,2008,3,313,164,9,8,14
Bryan ISD,2009,2,328,174,12,12,10
Bryan ISD,2010,2,351,229,5,5,14
Bryan ISD,2011,2,387,257,42,42,18
Bryan ISD,2012,3,493,362,57,55,30
Bryan ISD,2013,3,628,457,70,68,37
Bryan ISD,2014,3,697,515,113,100,43
Bryan ISD,2015,3,701,510,138,125,48
Bryan ISD,2016,3,602,484,164,156,51
Bryan ISD,2017,3,601,494,150,143,69
Bryan ISD,2018,3,629,518,157,152,67
Canyon ISD,2011,1,179,84,0,0,9
Canyon ISD,2012,1,212,75,0,0,12
Canyon ISD,2013,1,230,57,0,0,11
Canyon ISD,2014,1,296,65,0,0,15
Canyon ISD,2015,1,319,51,0,0,11
Canyon ISD,2016,1,348,83,0,0,12
Canyon ISD,2017,1,409,108,1,1,18
Canyon ISD,2018,1,481,136,1,1,21
Carrollton-Farmers Branch ISD,2001,1,334,35,0,0,15
Carrollton-Farmers Branch ISD,2002,1,227,40,4,4,17
Carrollton-Farmers Branch ISD,2003,1,195,30,2,0,15
Carrollton-Farmers Branch ISD,2004,2,450,215,122,92,51
Carrollton-Farmers Branch ISD,2005,2,498,284,202,97,71
Carrollton-Farmers Branch ISD,2006,2,406,243,151,56,54
Carrollton-Farmers Branch ISD,2007,3,875,285,205,143,78
Carrollton-Farmers Branch ISD,2008,5,1162,468,148,108,93
Carrollton-Farmers Branch ISD,2009,6,1266,513,107,80,88
Carrollton-Farmers Branch ISD,2010,7,1892,756,134,119,103
Carrollton-Farmers Branch ISD,2011,6,1886,636,148,138,105
Carrollton-Farmers Branch ISD,2012,6,1989,698,156,145,120
Carrollton-Farmers Branch ISD,2013,6,2197,663,218,207,133
Carrollton-Farmers Branch ISD,2014,6,2383,681,269,253,139
Carrollton-Farmers Branch ISD,2015,5,2424,608,300,287,109
Carrollton-Farmers Branch ISD,2016,5,2813,772,455,446,121
Carrollton-Farmers Branch ISD,2017,5,3180,939,651,616,157
Carrollton-Farmers Branch ISD,2018,5,3220,995,779,761,185
Carthage ISD,2001,1,90,64,0,0,12
Carthage ISD,2002,1,74,53,0,0,11
Carthage ISD,2003,1,75,48,0,0,13
Carthage ISD,2004,1,98,49,0,0,34
Carthage ISD,2005,1,164,79,0,0,49
Carthage ISD,2006,1,167,80,0,0,43
Carthage ISD,2007,1,144,84,0,0,25
Carthage ISD,2008,1,150,51,0,0,16
Carthage ISD,2009,1,130,44,1,0,10
Carthage ISD,2010,1,74,31,1,1,7
Carthage ISD,2011,2,90,27,0,0,8
Carthage ISD,2012,2,90,28,0,0,7
Carthage ISD,2013,2,78,21,1,0,6
Carthage ISD,2014,2,71,32,0,0,8
Carthage ISD,2015,2,65,28,0,0,14
Carthage ISD,2016,2,60,29,0,0,8
Carthage ISD,2017,2,38,13,0,0,5
Carthage ISD,2018,2,65,34,0,0,3
Castleberry ISD,2002,1,139,93,0,0,6
Castleberry ISD,2003,1,199,149,46,34,18
Castleberry ISD,2004,1,274,198,51,42,28
Castleberry ISD,2005,1,278,196,48,45,36
Castleberry ISD,2006,1,270,176,41,33,23
Castleberry ISD,2007,1,266,214,52,48,18
Castleberry ISD,2008,1,362,269,72,58,28
Castleberry ISD,2009,1,258,187,39,26,26
Castleberry ISD,2010,1,268,227,47,44,32
Castleberry ISD,2011,1,216,176,34,32,27
Castleberry ISD,2012,1,233,207,24,24,23
Castleberry ISD,2013,1,244,215,25,25,21
Cedar Hill ISD,2011,1,248,111,13,12,5
Cedar Hill ISD,2012,1,367,191,20,17,13
Cedar Hill ISD,2013,1,473,236,24,21,24
Cedar Hill ISD,2014,2,1206,457,26,26,37
Cedar Hill ISD,2015,3,1586,735,105,95,64
Cedar Hill ISD,2016,4,1964,900,109,106,75
Cedar Hill ISD,2017,4,2454,1106,156,148,108
Cedar Hill ISD,2018,4,2641,1249,164,150,130
Channelview ISD,2016,1,79,79,0,0,1
Channelview ISD,2017,1,119,109,0,0,5
Channelview ISD,2018,1,66,46,3,3,2
Chapel Hill ISD (Smith),2002,1,71,68,0,0,48
Chapel Hill ISD (Smith),2003,1,81,81,0,0,43
Chapel Hill ISD (Smith),2004,1,88,88,0,0,62
Chapel Hill ISD (Smith),2005,1,91,91,0,0,65
Chapel Hill ISD (Smith),2006,1,91,91,0,0,71
Chapel Hill ISD (Smith),2007,1,87,87,0,0,57
Chapel Hill ISD (Smith),2008,1,92,90,0,0,50
Chapel Hill ISD (Smith),2009,2,122,122,0,0,80
Chapel Hill ISD (Smith),2010,2,139,138,0,0,94
Chapel Hill ISD (Smith),2011,2,130,130,0,0,71
Chapel Hill ISD (Smith),2012,2,134,132,0,0,71
Chapel Hill ISD (Smith),2013,3,292,169,1,0,102
Chapel Hill ISD (Smith),2014,3,373,187,0,0,99
Chapel Hill ISD (Smith),2015,3,349,142,4,3,83
Chapel Hill ISD (Smith),2016,3,340,141,17,16,77
Chapel Hill ISD (Smith),2017,3,382,171,16,16,92
Chapel Hill ISD (Smith),2018,3,387,144,14,13,85
Christoval ISD,2000,1,61,16,0,0,12
Christoval ISD,2001,1,114,16,0,0,18
Christoval ISD,2002,1,113,18,0,0,14
Clear Creek ISD,1999,1,147,22,4,0,8
Clear Creek ISD,2000,2,265,140,21,14,31
Clear Creek ISD,2001,3,316,133,14,14,41
Clear Creek ISD,2002,3,348,103,34,31,41
Clear Creek ISD,2003,3,355,185,12,19,40
Clear Creek ISD,2004,3,385,188,27,28,56
Clear Creek ISD,2005,4,415,210,50,50,64
Clear Creek ISD,2006,4,476,257,39,39,62
Clear Creek ISD,2007,3,368,201,26,25,40
Clear Creek ISD,2008,3,421,237,34,33,57
Clear Creek ISD,2009,3,433,241,36,36,72
Clear Creek ISD,2010,3,460,235,44,43,74
Clear Creek ISD,2011,4,506,263,40,38,95
Clear Creek ISD,2012,4,476,231,42,41,87
Clear Creek ISD,2013,4,445,207,47,47,73
Clear Creek ISD,2014,4,494,226,30,30,77
Clear Creek ISD,2015,4,493,219,20,20,67
Clear Creek ISD,2016,2,403,202,28,23,63
Clear Creek ISD,2017,2,372,203,30,27,73
Clear Creek ISD,2018,2,356,215,19,18,56
Cleburne ISD,2017,1,63,8,0,0,2
Cleburne ISD,2018,1,91,22,3,3,11
College Station ISD,2000,1,70,0,0,0,9
College Station ISD,2001,1,86,44,0,0,8
College Station ISD,2002,1,146,98,0,0,4
Columbia-Brazoria ISD,2008,1,133,33,2,1,9
Columbia-Brazoria ISD,2009,1,175,68,1,0,15
Columbia-Brazoria ISD,2010,1,186,96,0,0,24
Columbia-Brazoria ISD,2011,1,134,59,0,0,14
Columbia-Brazoria ISD,2012,1,139,82,0,0,20
Columbia-Brazoria ISD,2013,1,129,74,0,0,16
Columbia-Brazoria ISD,2014,1,123,67,1,1,12
Columbia-Brazoria ISD,2015,1,149,78,1,1,18
Columbia-Brazoria ISD,2016,1,122,65,2,2,13
Comal ISD,2005,1,59,59,0,0,53
Comal ISD,2006,1,59,59,0,0,56
Comal ISD,2007,1,57,57,0,0,45
Comal ISD,2008,1,54,54,0,0,41
Comal ISD,2009,1,60,60,1,0,52
Comal ISD,2010,2,98,83,3,3,57
Comal ISD,2011,1,74,43,0,0,60
Comal ISD,2012,1,80,80,6,6,49
Comal ISD,2013,1,78,78,5,5,32
Comal ISD,2014,1,79,79,4,4,33
Comal ISD,2015,1,75,75,3,3,31
Comal ISD,2016,1,58,58,0,0,31
Comal ISD,2017,1,45,45,0,0,20
Comal ISD,2018,1,58,58,1,1,16
Comanche ISD,2008,1,51,27,0,0,11
Comanche ISD,2009,1,51,33,0,0,7
Comanche ISD,2010,1,64,47,1,1,9
Comanche ISD,2015,1,115,65,2,2,6
Comanche ISD,2016,1,138,91,2,2,10
Comanche ISD,2017,1,105,89,1,1,9
Comanche ISD,2018,1,86,74,3,3,18
Conroe ISD,2000,1,19,12,0,0,12
Conroe ISD,2001,1,7,1,0,0,6
Conroe ISD,2002,1,26,21,0,0,7
Conroe ISD,2003,1,6,0,0,0,2
Conroe ISD,2004,1,6,3,0,0,2
Conroe ISD,2013,1,271,44,0,0,16
Conroe ISD,2014,2,457,51,0,0,21
Conroe ISD,2015,2,548,79,2,2,18
Conroe ISD,2016,2,611,79,22,22,19
Conroe ISD,2017,2,634,124,19,19,21
Conroe ISD,2018,2,622,205,37,37,19
Coppell ISD,2010,1,249,94,115,115,4
Coppell ISD,2011,2,321,143,77,75,22
Coppell ISD,2012,2,611,231,85,82,39
Coppell ISD,2013,2,709,252,105,103,41
Coppell ISD,2014,2,775,267,124,122,37
Coppell ISD,2015,2,858,288,142,142,50
Coppell ISD,2016,3,1053,323,235,235,79
Coppell ISD,2017,4,1081,363,263,212,74
Coppell ISD,2018,4,1079,405,288,261,83
Copperas Cove ISD,2014,1,107,49,0,0,8
Copperas Cove ISD,2015,1,142,81,0,0,11
Copperas Cove ISD,2016,1,155,66,2,2,18
Copperas Cove ISD,2017,1,197,92,3,3,29
Copperas Cove ISD,2018,1,296,204,8,7,27
Corpus Christi ISD,1997,1,148,147,0,0,0
Corpus Christi ISD,1998,1,182,28,0,0,8
Corpus Christi ISD,1999,1,184,137,0,0,18
Corpus Christi ISD,2000,4,344,185,0,0,30
Corpus Christi ISD,2001,4,364,173,0,0,20
Corpus Christi ISD,2002,4,462,283,0,0,35
Corpus Christi ISD,2003,3,518,383,1,13,63
Corpus Christi ISD,2004,3,556,320,18,18,71
Corpus Christi ISD,2005,5,567,381,5,5,107
Corpus Christi ISD,2006,5,636,397,1,1,112
Corpus Christi ISD,2007,7,699,443,32,33,54
Corpus Christi ISD,2008,8,791,508,96,96,80
Corpus Christi ISD,2009,8,846,575,32,32,82
Corpus Christi ISD,2010,9,1236,800,89,88,105
Corpus Christi ISD,2011,8,1201,740,153,153,102
Corpus Christi ISD,2012,8,1211,708,126,126,105
Corpus Christi ISD,2013,8,1226,723,117,117,95
Corpus Christi ISD,2014,8,1277,760,107,104,79
Corpus Christi ISD,2015,9,1545,993,136,133,101
Corpus Christi ISD,2016,9,1749,1097,138,138,139
Corpus Christi ISD,2017,8,1803,1145,181,178,135
Corpus Christi ISD,2018,7,1824,1385,163,162,151
Corsicana ISD,2004,1,66,65,8,8,0
Corsicana ISD,2005,1,141,141,25,25,4
Corsicana ISD,2006,1,113,111,17,17,2
Corsicana ISD,2007,1,89,89,20,21,1
Corsicana ISD,2008,1,121,120,28,28,2
Corsicana ISD,2009,1,102,102,22,22,1
Corsicana ISD,2010,1,62,62,18,18,0
Corsicana ISD,2011,1,106,106,26,26,0
Corsicana ISD,2012,1,119,115,23,23,0
Corsicana ISD,2013,1,84,79,26,26,0
Corsicana ISD,2014,1,94,90,13,13,0
Corsicana ISD,2015,1,104,102,23,23,0
Corsicana ISD,2016,1,74,74,20,20,0
Corsicana ISD,2017,1,80,80,22,22,0
Corsicana ISD,2018,1,71,69,21,21,0
Crockett ISD,2013,1,133,51,5,5,8
Crockett ISD,2014,1,168,76,10,10,10
Crockett ISD,2015,1,181,54,13,13,12
Crockett ISD,2016,1,198,83,14,14,15
Crockett ISD,2017,1,181,90,13,13,16
Crockett ISD,2018,1,182,78,13,13,17
Crowley ISD,2009,1,153,6,1,1,12
Crowley ISD,2010,1,155,3,0,4,8
Crowley ISD,2011,1,152,3,3,3,12
Crowley ISD,2012,1,159,13,0,0,25
Crowley ISD,2013,2,716,211,12,11,33
Crowley ISD,2014,2,810,245,20,16,39
Crowley ISD,2015,2,1263,443,81,68,73
Crowley ISD,2016,2,1214,440,62,59,62
Crowley ISD,2017,2,1220,414,112,110,57
Crowley ISD,2018,2,1213,387,130,128,68
Cypress-Fairbanks ISD,2005,1,110,108,0,41,3
Cypress-Fairbanks ISD,2006,1,145,140,0,0,2
Cypress-Fairbanks ISD,2007,2,451,202,59,59,18
Cypress-Fairbanks ISD,2008,2,611,227,6,6,15
Cypress-Fairbanks ISD,2009,2,736,223,44,43,19
Cypress-Fairbanks ISD,2010,2,882,281,44,38,20
Cypress-Fairbanks ISD,2011,3,1304,466,67,53,25
Cypress-Fairbanks ISD,2012,3,1451,521,131,106,22
Cypress-Fairbanks ISD,2013,3,1804,670,230,203,41
Cypress-Fairbanks ISD,2014,3,1811,729,245,224,44
Cypress-Fairbanks ISD,2015,3,1803,731,300,274,59
Cypress-Fairbanks ISD,2016,3,1620,680,208,184,73
Cypress-Fairbanks ISD,2017,4,2016,938,282,259,96
Cypress-Fairbanks ISD,2018,4,2442,1447,443,420,135
Dallas ISD,1997,1,221,0,31,0,4
Dallas ISD,1998,2,671,336,2,0,14
Dallas ISD,1999,5,1301,444,0,0,49
Dallas ISD,2000,17,4264,2564,76,39,107
Dallas ISD,2001,20,6325,4026,96,67,287
Dallas ISD,2002,22,7271,5163,638,538,386
Dallas ISD,2003,23,9298,6461,710,625,781
Dallas ISD,2004,24,10412,7419,1178,1093,1105
Dallas ISD,2005,28,10751,8146,1554,1422,1185
Dallas ISD,2006,28,11941,9254,1922,1809,1159
Dallas ISD,2007,31,12854,10336,2259,2215,1222
Dallas ISD,2008,33,13510,11121,2624,2232,1126
Dallas ISD,2009,46,15272,12847,3303,3037,1188
Dallas ISD,2010,49,17169,14702,3793,3511,1391
Dallas ISD,2011,50,18736,16214,4388,4108,1498
Dallas ISD,2012,55,21257,18721,5633,5403,1748
Dallas ISD,2013,56,22917,20170,6638,6326,1707
Dallas ISD,2014,62,26543,22933,8129,7745,2093
Dallas ISD,2015,61,28578,25195,9339,8999,2097
Dallas ISD,2016,61,31258,27342,10437,10217,2360
Dallas ISD,2017,62,33201,28831,11488,11434,2575
Dallas ISD,2018,66,34201,29816,11794,11952,2517
Dayton ISD,2013,1,88,41,3,3,4
Dayton ISD,2014,1,68,35,1,1,3
Dayton ISD,2015,1,75,25,1,1,5
Dayton ISD,2016,1,89,32,1,1,5
Dayton ISD,2017,1,72,35,1,1,5
Dayton ISD,2018,1,73,39,2,2,3
Del Valle ISD,2002,1,16,11,0,0,1
Del Valle ISD,2003,1,17,17,0,0,1
Del Valle ISD,2004,1,19,19,0,2,2
Del Valle ISD,2005,1,13,13,0,0,2
Del Valle ISD,2006,1,13,8,0,0,0
Del Valle ISD,2007,1,27,7,0,0,1
Del Valle ISD,2008,1,13,9,0,2,1
Del Valle ISD,2015,2,952,882,589,591,69
Del Valle ISD,2016,2,1190,1133,666,674,90
Del Valle ISD,2017,2,1299,1224,751,752,97
Del Valle ISD,2018,2,1360,1239,673,673,112
Denton ISD,2005,1,58,58,0,0,58
Denton ISD,2006,1,57,56,0,0,55
Denton ISD,2007,1,57,57,0,0,52
Denton ISD,2008,3,332,128,12,10,81
Denton ISD,2009,3,505,232,19,18,114
Denton ISD,2010,4,542,276,25,24,106
Denton ISD,2011,4,489,265,20,20,106
Denton ISD,2012,3,396,199,12,12,67
Denton ISD,2013,2,314,161,10,10,56
Denton ISD,2014,1,122,80,1,0,28
Denton ISD,2015,2,155,32,14,14,16
Denton ISD,2016,2,257,108,11,11,16
Denton ISD,2017,2,283,127,12,12,39
Denton ISD,2018,2,329,188,16,16,44
DeSoto ISD,2008,1,489,226,31,29,19
DeSoto ISD,2009,1,506,268,35,34,22
DeSoto ISD,2010,1,631,355,49,48,27
DeSoto ISD,2011,1,642,375,41,41,28
DeSoto ISD,2012,1,655,404,53,52,29
DeSoto ISD,2013,3,821,504,59,58,53
DeSoto ISD,2014,2,796,523,55,52,51
DeSoto ISD,2015,1,650,417,53,53,36
DeSoto ISD,2016,1,639,394,57,56,27
DeSoto ISD,2017,1,641,390,49,49,28
DeSoto ISD,2018,1,598,404,33,33,38
Dickinson ISD,2007,1,37,19,0,0,12
Dickinson ISD,2008,1,30,15,1,0,9
Dickinson ISD,2009,1,31,17,1,1,5
Dickinson ISD,2010,1,27,14,0,0,6
Donna ISD,2001,1,187,168,37,37,10
Donna ISD,2002,1,247,217,51,50,16
Donna ISD,2003,1,336,290,48,53,20
Donna ISD,2004,1,499,410,69,69,26
Donna ISD,2005,1,659,528,141,108,44
Donna ISD,2006,1,896,673,267,253,55
Donna ISD,2007,2,1170,910,388,373,69
Donna ISD,2008,2,1338,1069,323,296,61
Donna ISD,2009,2,1344,1115,328,309,73
Donna ISD,2010,2,1427,1222,329,302,75
Donna ISD,2011,3,1516,1316,372,368,72
Donna ISD,2012,3,1720,1522,469,440,74
Donna ISD,2013,3,2052,1867,450,479,96
Donna ISD,2014,5,2998,2766,1063,1032,116
Donna ISD,2015,5,3255,2987,1260,1236,126
Donna ISD,2016,5,3514,3290,1519,1498,135
Donna ISD,2017,5,3791,3557,1648,1661,149
Donna ISD,2018,5,3975,3719,1779,1747,166
Dripping Springs ISD,2001,1,21,0,0,0,19
Dripping Springs ISD,2002,1,23,23,0,0,15
Dripping Springs ISD,2003,1,21,21,0,0,18
Dripping Springs ISD,2004,1,23,23,0,0,19
Dripping Springs ISD,2005,1,21,21,0,0,18
Dripping Springs ISD,2006,1,22,22,0,0,16
Dripping Springs ISD,2007,1,17,0,0,0,13
Dripping Springs ISD,2008,1,18,18,0,0,14
Dripping Springs ISD,2009,1,18,18,1,1,14
Dripping Springs ISD,2010,1,17,17,0,0,13
Dripping Springs ISD,2011,1,17,17,0,0,14
Dripping Springs ISD,2012,1,19,19,0,0,11
Dripping Springs ISD,2013,1,19,19,0,0,13
Dripping Springs ISD,2014,1,16,16,0,0,6
Dripping Springs ISD,2015,1,18,18,1,1,12
Dripping Springs ISD,2016,1,17,17,2,2,8
Dripping Springs ISD,2017,1,20,20,2,2,12
Dripping Springs ISD,2018,1,20,20,1,1,15
Dublin ISD,2001,1,50,40,0,0,9
Dublin ISD,2002,1,56,36,2,2,5
Dublin ISD,2003,1,59,31,13,14,11
Dublin ISD,2004,1,66,36,5,5,9
Dublin ISD,2005,1,70,37,1,4,17
Dublin ISD,2006,1,69,41,7,7,15
Dublin ISD,2007,1,75,50,3,2,12
Dublin ISD,2008,1,80,28,0,0,15
Dublin ISD,2009,1,66,33,0,0,11
Dublin ISD,2010,1,67,46,2,2,11
Dublin ISD,2011,1,191,130,0,0,33
Dublin ISD,2012,1,170,105,2,2,33
Dublin ISD,2013,1,147,94,1,1,20
Dublin ISD,2014,1,83,53,1,1,8
Duncanville ISD,1999,1,80,51,0,0,15
Duncanville ISD,2000,3,260,43,0,0,86
Duncanville ISD,2001,3,713,251,5,0,176
Duncanville ISD,2002,4,868,413,17,11,297
Duncanville ISD,2003,2,334,146,8,8,127
Duncanville ISD,2009,1,162,145,0,0,12
Duncanville ISD,2010,1,231,213,0,0,15
Duncanville ISD,2011,3,975,513,31,20,40
Duncanville ISD,2012,3,1150,683,51,39,65
Duncanville ISD,2013,4,1565,818,80,72,68
Duncanville ISD,2014,4,1558,817,104,98,79
Duncanville ISD,2015,4,1624,836,182,179,89
Duncanville ISD,2016,4,1811,1025,248,240,92
Duncanville ISD,2017,5,2078,1096,305,300,97
Duncanville ISD,2018,4,2052,871,341,331,126
Eagle Mountain-Saginaw ISD,2018,2,1251,635,226,226,61
Early ISD,2008,1,32,21,0,0,7
Early ISD,2009,1,70,39,0,0,11
Early ISD,2010,1,63,41,0,0,12
East Central ISD,2002,1,182,119,0,0,11
East Central ISD,2003,1,313,219,4,4,26
East Central ISD,2004,1,296,226,5,5,29
East Central ISD,2005,1,332,257,4,4,34
East Central ISD,2006,1,329,261,13,13,33
East Central ISD,2007,1,334,271,17,17,30
East Central ISD,2008,2,858,552,37,27,45
East Central ISD,2009,2,1054,692,45,37,49
East Central ISD,2010,2,1190,799,82,36,58
East Central ISD,2011,1,638,261,13,0,28
East Central ISD,2012,1,1018,701,16,16,38
East Central ISD,2013,1,1208,796,50,40,54
East Central ISD,2014,1,1509,874,111,95,69
East Central ISD,2016,1,1358,883,125,113,65
East Central ISD,2017,2,2658,1873,230,214,181
East Central ISD,2018,2,2850,2005,243,214,199
Ector County ISD,2004,1,137,66,0,0,7
Ector County ISD,2005,1,208,88,0,0,18
Ector County ISD,2006,1,168,120,0,0,18
Ector County ISD,2007,1,157,109,0,0,8
Ector County ISD,2008,1,145,77,0,0,11
Ector County ISD,2009,1,190,131,0,0,19
Ector County ISD,2010,1,190,152,0,6,25
Ector County ISD,2011,2,426,268,8,8,37
Ector County ISD,2012,3,820,380,18,15,52
Ector County ISD,2013,3,999,476,32,27,64
Ector County ISD,2014,3,1215,528,42,35,80
Ector County ISD,2015,4,1718,708,49,49,111
Ector County ISD,2016,4,1888,666,58,50,133
Ector County ISD,2017,4,2325,790,66,50,180
Ector County ISD,2018,4,2611,712,93,87,179
Edgewood ISD (Bexar),2004,1,17,0,0,0,12
Edgewood ISD (Bexar),2005,1,17,0,0,0,8
Edgewood ISD (Bexar),2006,1,15,0,0,0,3
Edgewood ISD (Bexar),2007,1,23,0,0,0,4
Edgewood ISD (Bexar),2011,1,186,139,16,16,18
Edgewood ISD (Bexar),2012,1,236,190,12,12,23
Edgewood ISD (Bexar),2013,2,452,354,58,128,44
Edgewood ISD (Bexar),2014,3,1055,893,210,347,93
Edgewood ISD (Bexar),2015,5,1818,1552,399,632,145
Edgewood ISD (Bexar),2016,5,2306,2038,473,772,160
Edgewood ISD (Bexar),2017,4,2054,1812,520,873,118
Edgewood ISD (Bexar),2018,4,2291,2006,532,888,138
Edinburg Cons ISD,2002,1,83,80,2,2,1
Edinburg Cons ISD,2003,1,278,278,0,0,23
Edinburg Cons ISD,2004,1,269,227,1,0,28
Edinburg Cons ISD,2005,2,333,217,28,27,24
Edinburg Cons ISD,2006,2,389,277,71,72,16
Edinburg Cons ISD,2007,1,156,149,60,60,10
Edinburg Cons ISD,2008,2,583,403,110,104,27
Edinburg Cons ISD,2009,2,755,508,97,79,28
Edinburg Cons ISD,2010,2,783,536,77,65,36
Edinburg Cons ISD,2011,2,811,557,57,54,38
Edinburg Cons ISD,2012,5,2079,1452,358,346,85
Edinburg Cons ISD,2013,6,2537,1997,515,497,95
Edinburg Cons ISD,2014,6,2825,2218,697,673,107
Edinburg Cons ISD,2015,6,3051,2492,841,816,124
Edinburg Cons ISD,2016,6,3094,2574,857,838,131
Edinburg Cons ISD,2017,8,4019,3377,1214,1190,153
Edinburg Cons ISD,2018,10,4727,4038,1466,1424,168
El Paso ISD,1999,1,92,22,0,0,5
El Paso ISD,2000,2,263,90,8,0,10
El Paso ISD,2001,3,465,251,54,31,24
El Paso ISD,2002,3,718,405,230,9,39
El Paso ISD,2003,2,420,162,79,74,34
El Paso ISD,2004,2,431,186,43,43,38
El Paso ISD,2005,3,643,335,31,25,67
El Paso ISD,2006,3,665,385,68,62,51
El Paso ISD,2007,4,834,468,59,49,65
El Paso ISD,2008,5,1053,608,220,194,84
El Paso ISD,2009,6,1222,759,305,306,90
El Paso ISD,2010,7,1900,1267,379,377,101
El Paso ISD,2011,7,2144,1383,497,475,115
El Paso ISD,2012,7,2090,1358,487,477,117
El Paso ISD,2013,7,2292,1543,542,557,124
El Paso ISD,2014,7,2457,1639,528,517,138
El Paso ISD,2015,8,2644,1738,619,636,168
El Paso ISD,2016,8,2817,1839,714,678,172
El Paso ISD,2017,8,2909,1900,780,753,213
El Paso ISD,2018,8,2787,1660,745,705,216
Elgin ISD,2004,1,70,53,0,0,6
Elgin ISD,2005,1,37,28,0,0,10
Elgin ISD,2006,1,43,35,0,0,14
Elgin ISD,2013,1,118,57,7,7,8
Elgin ISD,2014,1,182,69,19,19,15
Elgin ISD,2015,1,125,32,7,7,11
Elgin ISD,2016,1,101,24,4,4,15
Flour Bluff ISD,1997,1,60,0,0,0,5
Flour Bluff ISD,1998,1,109,0,0,0,6
Flour Bluff ISD,1999,1,171,0,0,0,8
Flour Bluff ISD,2000,1,156,0,1,1,14
Flour Bluff ISD,2001,1,147,44,0,0,10
Flour Bluff ISD,2002,1,139,42,1,1,9
Flour Bluff ISD,2003,1,129,25,3,3,7
Flour Bluff ISD,2004,1,173,15,3,3,13
Flour Bluff ISD,2005,1,193,34,2,2,16
Flour Bluff ISD,2006,1,204,32,1,1,17
Flour Bluff ISD,2007,1,229,47,0,0,22
Flour Bluff ISD,2008,2,271,26,4,4,22
Flour Bluff ISD,2009,2,319,12,4,4,25
Flour Bluff ISD,2010,2,345,4,1,1,26
Flour Bluff ISD,2011,2,371,6,3,3,34
Flour Bluff ISD,2012,2,412,10,3,3,29
Flour Bluff ISD,2013,2,433,9,6,6,25
Flour Bluff ISD,2014,2,461,6,8,8,23
Flour Bluff ISD,2015,2,470,6,4,4,30
Flour Bluff ISD,2016,2,476,4,3,3,34
Flour Bluff ISD,2017,2,489,5,8,8,36
Flour Bluff ISD,2018,2,488,9,9,9,40
Fort Bend ISD,2000,1,52,51,0,0,0
Fort Bend ISD,2001,1,106,102,0,0,0
Fort Bend ISD,2002,1,127,125,0,0,0
Fort Bend ISD,2003,1,155,153,0,0,0
Fort Bend ISD,2004,1,255,246,0,0,0
Fort Bend ISD,2007,1,171,0,2,1,7
Fort Bend ISD,2008,1,262,0,4,2,7
Fort Bend ISD,2009,3,1791,158,18,5,117
Fort Bend ISD,2010,3,2748,942,29,25,176
Fort Bend ISD,2011,3,3062,326,113,90,196
Fort Bend ISD,2012,4,1379,703,194,180,17
Fort Bend ISD,2013,4,1718,913,226,213,49
Fort Bend ISD,2014,4,1659,905,243,229,81
Fort Bend ISD,2015,4,1714,876,273,262,56
Fort Bend ISD,2016,5,2008,1107,344,337,75
Fort Bend ISD,2017,5,2324,1323,443,438,89
Fort Bend ISD,2018,6,2956,1954,656,641,120
Fort Worth ISD,2000,3,211,74,0,0,2
Fort Worth ISD,2001,6,766,329,6,6,44
Fort Worth ISD,2002,7,1389,630,28,27,120
Fort Worth ISD,2003,7,1470,730,35,36,116
Fort Worth ISD,2004,8,1837,949,58,49,207
Fort Worth ISD,2005,9,2219,1305,91,75,264
Fort Worth ISD,2006,9,2077,1048,110,81,248
Fort Worth ISD,2007,11,2511,1282,133,131,185
Fort Worth ISD,2008,13,2586,1315,144,135,185
Fort Worth ISD,2009,10,2348,1216,143,143,147
Fort Worth ISD,2010,10,2675,1442,159,159,184
Fort Worth ISD,2011,10,2743,1410,169,167,169
Fort Worth ISD,2012,9,2812,1536,209,206,163
Fort Worth ISD,2013,12,3740,2353,442,417,206
Fort Worth ISD,2014,13,4281,2850,579,551,279
Fort Worth ISD,2015,13,4378,3055,723,701,270
Fort Worth ISD,2016,10,4170,2822,856,807,230
Fort Worth ISD,2017,15,5222,3534,1024,934,315
Fort Worth ISD,2018,17,6573,4745,1429,1292,439
Frenship ISD,2009,1,119,72,0,0,15
Frenship ISD,2010,1,82,32,1,1,14
Frenship ISD,2011,1,142,74,3,3,23
Frenship ISD,2012,1,139,64,1,1,13
Frenship ISD,2013,1,114,69,0,0,11
Frenship ISD,2014,1,96,50,0,0,4
Frenship ISD,2015,1,130,70,0,0,12
Frenship ISD,2016,1,134,68,0,0,8
Frenship ISD,2017,1,114,66,0,0,11
Frenship ISD,2018,1,116,68,0,0,6
Frisco ISD,2012,1,250,20,23,22,2
Frisco ISD,2013,1,350,16,34,32,7
Frisco ISD,2014,1,425,17,36,44,20
Frisco ISD,2015,1,520,27,41,42,44
Frisco ISD,2016,1,595,20,46,45,52
Frisco ISD,2017,2,876,33,74,72,58
Frisco ISD,2018,2,1099,36,62,58,73
Galena Park ISD,2004,1,361,352,0,0,16
Galena Park ISD,2018,1,508,367,16,15,38
Galveston ISD,2000,1,173,103,15,15,8
Galveston ISD,2001,1,179,95,8,8,8
Galveston ISD,2002,1,204,120,49,12,12
Galveston ISD,2003,1,131,83,29,3,14
Galveston ISD,2004,1,185,119,45,5,14
Galveston ISD,2005,1,244,181,0,0,9
Galveston ISD,2006,1,267,184,52,0,11
Galveston ISD,2007,1,314,242,82,72,16
Galveston ISD,2008,2,474,394,89,83,23
Galveston ISD,2009,2,417,346,84,79,23
Galveston ISD,2010,2,687,569,141,126,37
Galveston ISD,2011,2,888,655,181,157,41
Galveston ISD,2012,2,899,738,214,159,48
Galveston ISD,2013,2,1008,895,217,194,59
Galveston ISD,2014,2,1028,891,197,207,78
Galveston ISD,2015,2,1063,887,182,220,85
Galveston ISD,2016,2,1077,887,217,200,83
Galveston ISD,2017,2,1124,916,233,217,71
Galveston ISD,2018,2,1186,970,245,227,72
Garland ISD,2002,2,201,66,7,1,28
Garland ISD,2003,1,131,83,0,0,15
Garland ISD,2004,1,200,76,0,0,23
Garland ISD,2005,1,211,82,0,0,41
Garland ISD,2006,2,322,143,17,17,49
Garland ISD,2007,2,352,114,24,19,48
Garland ISD,2008,1,218,134,19,14,36
Garland ISD,2009,2,278,206,13,11,52
Garland ISD,2010,3,481,231,11,9,54
Garland ISD,2011,3,796,322,31,29,68
Garland ISD,2012,3,955,501,75,71,75
Garland ISD,2013,4,1223,605,109,90,97
Garland ISD,2014,7,2651,1387,357,350,175
Garland ISD,2015,8,3459,1858,500,484,239
Garland ISD,2016,8,3812,2102,756,739,265
Garland ISD,2017,9,4005,2198,964,944,248
Garland ISD,2018,8,4000,2268,1067,1051,258
Georgetown ISD,2010,2,85,0,0,0,7
Georgetown ISD,2011,2,287,33,0,0,18
Georgetown ISD,2012,2,708,145,2,0,26
Georgetown ISD,2013,3,981,236,8,2,39
Georgetown ISD,2014,3,1220,270,11,7,86
Georgetown ISD,2015,3,1312,253,14,10,96
Georgetown ISD,2016,4,1448,169,28,22,106
Georgetown ISD,2017,4,1391,147,18,10,83
Georgetown ISD,2018,5,1765,199,27,21,109
Glen Rose ISD,2001,1,57,31,0,0,0
Glen Rose ISD,2002,1,81,41,0,0,9
Glen Rose ISD,2003,1,114,60,0,0,26
Glen Rose ISD,2004,1,125,61,0,0,17
Glen Rose ISD,2005,1,137,70,0,0,34
Glen Rose ISD,2006,1,137,73,0,0,27
Glen Rose ISD,2007,1,135,69,0,0,24
Glen Rose ISD,2008,1,138,70,0,0,24
Glen Rose ISD,2009,1,137,72,0,0,27
Glen Rose ISD,2010,1,157,95,0,0,35
Glen Rose ISD,2011,1,130,86,0,0,23
Glen Rose ISD,2012,1,194,125,0,0,19
Glen Rose ISD,2013,1,226,127,0,0,37
Glen Rose ISD,2014,1,206,123,0,0,29
Glen Rose ISD,2015,1,238,138,0,0,36
Glen Rose ISD,2016,1,246,123,1,1,33
Glen Rose ISD,2017,1,228,128,0,0,35
Glen Rose ISD,2018,1,236,153,0,0,25
Goldthwaite Cons ISD,2009,1,58,58,0,0,31
Goldthwaite Cons ISD,2010,1,55,55,0,0,33
Goldthwaite Cons ISD,2011,1,52,52,0,0,36
Goldthwaite Cons ISD,2012,1,57,57,1,1,33
Goldthwaite Cons ISD,2013,1,48,48,0,0,28
Goldthwaite Cons ISD,2014,1,46,46,1,1,26
Goldthwaite Cons ISD,2015,1,52,52,1,1,17
Goldthwaite Cons ISD,2016,1,54,54,0,0,26
Goldthwaite Cons ISD,2017,1,64,64,1,1,37
Goldthwaite Cons ISD,2018,1,66,66,0,0,34
Gonzales ISD,2016,1,18,17,4,0,0
Gonzales ISD,2017,1,26,26,2,2,4
Gonzales ISD,2018,1,31,31,0,0,3
Granbury ISD,2009,1,50,50,0,0,12
Granbury ISD,2010,1,68,68,0,0,15
Granbury ISD,2011,2,220,151,0,0,32
Granbury ISD,2012,2,187,128,2,2,23
Granbury ISD,2013,2,231,165,4,4,33
Granbury ISD,2014,2,187,131,7,7,29
Granbury ISD,2015,2,229,171,10,10,35
Granbury ISD,2016,2,199,106,4,4,26
Granbury ISD,2017,2,200,92,2,2,23
Granbury ISD,2018,2,177,123,2,2,21
Grand Prairie ISD,2004,1,395,312,35,34,32
Grand Prairie ISD,2005,1,404,341,38,37,38
Grand Prairie ISD,2006,1,715,645,70,69,44
Grand Prairie ISD,2007,1,1212,819,138,128,66
Grand Prairie ISD,2008,1,1448,809,112,56,93
Grand Prairie ISD,2009,2,1837,1063,143,147,111
Grand Prairie ISD,2010,2,2023,1209,187,180,99
Grand Prairie ISD,2011,2,1948,1187,228,212,113
Grand Prairie ISD,2012,2,2243,1443,299,286,153
Grand Prairie ISD,2013,3,2541,1729,468,442,175
Grand Prairie ISD,2014,3,2248,1594,511,489,137
Grand Prairie ISD,2015,4,2543,1856,699,662,173
Grand Prairie ISD,2016,4,2897,2153,809,776,188
Grand Prairie ISD,2017,5,3097,2297,850,746,213
Grand Prairie ISD,2018,6,3268,2499,939,874,196
Grapevine-Colleyville ISD,2003,1,138,25,0,0,24
Grapevine-Colleyville ISD,2004,1,290,46,1,0,26
Grapevine-Colleyville ISD,2005,1,265,65,6,3,35
Grapevine-Colleyville ISD,2006,1,303,94,8,7,47
Grapevine-Colleyville ISD,2007,1,291,74,12,10,43
Grapevine-Colleyville ISD,2008,1,278,76,15,14,45
Grapevine-Colleyville ISD,2009,1,274,70,10,7,45
Grapevine-Colleyville ISD,2010,1,233,67,5,4,42
Grapevine-Colleyville ISD,2013,1,27,10,3,3,3
Grapevine-Colleyville ISD,2014,1,4,4,1,1,0
Greenville ISD,2002,1,195,44,0,0,8
Greenville ISD,2003,1,233,98,0,0,14
Greenville ISD,2004,1,255,115,14,12,26
Greenville ISD,2005,1,271,110,23,19,33
Greenville ISD,2006,1,302,171,35,29,41
Greenville ISD,2007,1,401,228,37,34,44
Greenville ISD,2008,1,444,257,36,35,46
Greenville ISD,2009,1,479,305,43,43,51
Greenville ISD,2010,1,448,286,39,39,45
Greenville ISD,2011,1,546,364,44,43,52
Greenville ISD,2012,1,537,385,58,55,60
Greenville ISD,2013,1,602,415,64,61,74
Greenville ISD,2014,1,658,460,57,56,71
Greenville ISD,2015,1,717,543,106,97,65
Greenville ISD,2017,1,25,9,3,3,4
Greenville ISD,2018,1,83,41,4,4,5
Harlandale ISD,2002,1,58,0,0,0,0
Harlandale ISD,2003,1,198,146,0,0,18
Harlandale ISD,2004,2,506,370,11,10,79
Harlandale ISD,2005,2,507,310,16,16,87
Harlandale ISD,2006,1,117,73,6,6,16
Harlandale ISD,2007,1,118,87,4,4,13
Harlandale ISD,2008,1,128,81,6,6,19
Harlandale ISD,2009,1,120,98,5,5,13
Harlandale ISD,2010,1,108,94,2,2,14
Harlandale ISD,2011,1,119,98,4,3,13
Harlandale ISD,2012,1,258,202,18,18,26
Harlandale ISD,2013,1,290,205,20,19,32
Harlandale ISD,2014,3,730,599,71,70,61
Harlandale ISD,2015,2,719,555,87,86,64
Harlandale ISD,2016,2,958,758,118,116,75
Harlandale ISD,2017,2,1165,917,99,95,89
Harlandale ISD,2018,2,1469,1164,152,143,106
Harlingen Cons ISD,2000,1,199,196,0,0,2
Harlingen Cons ISD,2001,1,257,239,0,0,0
Harlingen Cons ISD,2002,1,382,307,0,0,9
Harlingen Cons ISD,2009,2,100,88,81,81,0
Harlingen Cons ISD,2010,2,123,117,72,72,1
Harlingen Cons ISD,2011,3,287,264,89,88,10
Harlingen Cons ISD,2012,4,432,395,98,99,11
Harlingen Cons ISD,2013,4,642,564,265,263,14
Harlingen Cons ISD,2014,3,589,528,287,279,18
Harlingen Cons ISD,2015,2,424,293,85,61,20
Harlingen Cons ISD,2016,2,500,383,93,71,22
Harlingen Cons ISD,2017,2,552,352,95,78,25
Harlingen Cons ISD,2018,2,612,399,131,114,23
Hays Cons ISD,2008,1,15,1,0,0,1
Hays Cons ISD,2009,1,14,0,0,0,0
Hays Cons ISD,2010,1,19,0,0,0,2
Hays Cons ISD,2011,1,16,0,0,0,1
Hays Cons ISD,2012,1,23,2,1,1,3
Hays Cons ISD,2013,1,22,2,1,1,3
Hays Cons ISD,2014,1,24,1,0,0,3
Hays Cons ISD,2015,1,22,0,0,0,2
Hays Cons ISD,2016,1,24,0,0,0,0
Hays Cons ISD,2017,1,25,1,0,0,1
Hays Cons ISD,2018,1,17,0,1,1,0
Hempstead ISD,2006,1,23,10,0,0,0
Hempstead ISD,2007,1,61,9,0,0,4
Hempstead ISD,2008,1,104,10,0,0,4
Hempstead ISD,2009,1,69,15,0,0,5
Hempstead ISD,2010,1,48,2,0,0,4
Hempstead ISD,2011,1,53,0,0,0,3
Hempstead ISD,2012,1,48,0,0,0,2
Hidalgo ISD,2002,1,48,44,0,0,4
Hidalgo ISD,2003,1,119,99,39,39,10
Hidalgo ISD,2004,1,167,146,58,58,11
Hidalgo ISD,2011,2,316,293,103,103,8
Hidalgo ISD,2012,2,482,459,204,202,24
Hidalgo ISD,2013,2,718,678,385,385,26
Hidalgo ISD,2014,2,921,879,533,533,36
Hidalgo ISD,2015,2,1282,1216,853,851,30
Hidalgo ISD,2016,2,1502,1473,975,1013,33
Hidalgo ISD,2017,2,1612,1565,859,878,35
Hidalgo ISD,2018,2,1640,1523,977,976,30
Hitchcock ISD,2003,1,348,165,0,0,4
Hitchcock ISD,2006,1,423,178,0,0,10
Hitchcock ISD,2007,1,427,235,9,9,33
Hitchcock ISD,2012,1,356,244,1,1,19
Hitchcock ISD,2013,1,362,265,24,24,27
Hitchcock ISD,2014,1,418,323,30,28,26
Hitchcock ISD,2015,1,510,417,53,51,28
Hitchcock ISD,2016,1,459,379,59,57,15
Houston ISD,1997,3,766,488,123,122,5
Houston ISD,1998,5,997,624,192,192,25
Houston ISD,1999,12,3280,2012,246,245,132
Houston ISD,2000,27,6318,4023,678,646,311
Houston ISD,2001,31,10568,6670,834,684,670
Houston ISD,2002,42,12117,8325,1076,903,784
Houston ISD,2003,43,12670,8618,1340,1277,962
Houston ISD,2004,46,13146,8733,1607,1564,1119
Houston ISD,2005,50,14109,10781,2142,2024,1325
Houston ISD,2006,54,14553,12497,2722,2564,1234
Houston ISD,2007,51,14796,12360,3139,3011,1107
Houston ISD,2008,58,15574,13724,3483,3361,1127
Houston ISD,2009,66,17845,15442,4480,4426,1169
Houston ISD,2010,68,19849,17628,5779,5688,1254
Houston ISD,2011,74,22572,20167,6714,6585,1272
Houston ISD,2012,84,26927,24055,7956,7875,1481
Houston ISD,2013,84,28965,25740,8879,8687,1581
Houston ISD,2014,87,31825,29134,10126,9959,1927
Houston ISD,2015,87,34549,31032,11485,11248,1970
Houston ISD,2016,83,35675,31805,12110,12022,2063
Houston ISD,2017,80,35236,31673,12559,12336,2205
Houston ISD,2018,79,35353,29299,13398,13126,2318
Humble ISD,2009,1,6,0,0,0,1
Humble ISD,2011,1,259,255,10,0,30
Humble ISD,2012,1,308,300,1,0,32
Humble ISD,2013,1,342,324,1,0,25
Humble ISD,2014,2,296,242,23,23,18
Humble ISD,2015,3,600,418,44,44,39
Humble ISD,2016,1,298,157,64,64,8
Humble ISD,2017,2,806,575,104,101,46
Humble ISD,2018,2,846,589,115,111,56
Hunt ISD,2002,1,16,15,0,0,14
Hunt ISD,2003,1,15,14,0,0,13
Huntsville ISD,2008,1,301,142,0,0,12
Huntsville ISD,2009,1,300,140,0,0,22
Huntsville ISD,2010,2,243,177,0,0,25
Huntsville ISD,2011,2,477,312,7,7,36
Huntsville ISD,2012,2,497,305,11,11,36
Huntsville ISD,2013,2,328,229,7,7,36
Huntsville ISD,2014,2,312,206,7,7,35
Huntsville ISD,2015,2,335,204,7,7,45
Huntsville ISD,2016,2,341,212,15,15,32
Huntsville ISD,2017,2,378,251,19,19,29
Huntsville ISD,2018,2,381,234,28,27,26
Hurst-Euless-Bedford ISD,1999,1,145,0,0,0,0
Hurst-Euless-Bedford ISD,2000,1,221,7,2,0,0
Hurst-Euless-Bedford ISD,2001,2,399,29,2,0,37
Hurst-Euless-Bedford ISD,2002,2,469,27,0,0,55
Hurst-Euless-Bedford ISD,2003,2,397,5,0,0,28
Hurst-Euless-Bedford ISD,2004,2,391,30,0,0,44
Hurst-Euless-Bedford ISD,2005,1,272,17,0,0,25
Hurst-Euless-Bedford ISD,2006,1,231,13,0,0,29
Hurst-Euless-Bedford ISD,2007,1,226,18,0,0,27
Hurst-Euless-Bedford ISD,2008,1,262,16,0,0,40
Hurst-Euless-Bedford ISD,2009,1,341,57,0,0,31
Hurst-Euless-Bedford ISD,2010,2,771,250,11,11,28
Hurst-Euless-Bedford ISD,2011,2,904,313,43,40,33
Hurst-Euless-Bedford ISD,2012,2,935,356,56,48,30
Hurst-Euless-Bedford ISD,2013,2,1423,631,165,158,48
Hurst-Euless-Bedford ISD,2014,3,1627,705,244,233,58
Hurst-Euless-Bedford ISD,2015,3,1600,696,271,245,71
Hurst-Euless-Bedford ISD,2016,3,1663,738,269,248,95
Hurst-Euless-Bedford ISD,2017,3,1728,773,299,282,104
Hurst-Euless-Bedford ISD,2018,3,1680,757,341,325,111
Ingram ISD,2003,2,54,54,0,0,41
Ingram ISD,2004,2,49,49,0,0,44
Ingram ISD,2005,2,59,59,0,0,53
Ingram ISD,2006,3,80,74,0,0,56
Ingram ISD,2007,2,80,79,0,0,55
Ingram ISD,2008,2,96,95,0,0,80
Ingram ISD,2009,2,105,102,1,0,81
Ingram ISD,2010,2,93,92,0,0,62
Ingram ISD,2011,2,114,112,0,0,68
Ingram ISD,2012,2,143,140,1,1,103
Ingram ISD,2013,2,114,112,3,0,78
Ingram ISD,2014,2,146,141,3,2,89
Ingram ISD,2015,2,115,94,2,2,70
Ingram ISD,2016,2,113,105,3,3,76
Ingram ISD,2017,2,106,100,0,0,63
Ingram ISD,2018,2,133,127,1,1,74
Irving ISD,1998,1,218,5,0,0,4
Irving ISD,1999,2,436,25,0,0,9
Irving ISD,2000,2,791,182,0,4,36
Irving ISD,2001,3,1838,433,0,3,99
Irving ISD,2002,4,1856,491,55,45,120
Irving ISD,2003,3,1883,509,53,48,106
Irving ISD,2004,3,2000,634,70,63,106
Irving ISD,2005,3,1978,701,136,141,96
Irving ISD,2006,3,2075,807,205,166,120
Irving ISD,2007,3,2366,874,202,167,120
Irving ISD,2008,4,2443,889,236,201,119
Irving ISD,2009,5,2554,976,375,350,104
Irving ISD,2010,5,2433,872,334,303,93
Irving ISD,2011,5,2454,940,398,377,91
Irving ISD,2012,7,2689,1061,441,425,104
Irving ISD,2013,8,3063,1353,600,577,144
Irving ISD,2014,8,3189,1405,645,626,148
Irving ISD,2015,8,3469,1715,760,740,163
Irving ISD,2016,9,4247,1930,855,836,191
Irving ISD,2017,10,4376,1904,979,944,184
Irving ISD,2018,10,4628,2107,1070,1038,223
Jarrell ISD,2002,1,3,0,0,0,1
Jarrell ISD,2003,1,8,8,0,0,0
Jarrell ISD,2004,1,4,4,0,0,3
Jarrell ISD,2005,1,11,11,0,0,3
Jarrell ISD,2006,1,10,7,0,0,1
Jarrell ISD,2007,1,5,0,0,0,1
Jarrell ISD,2008,1,9,0,0,0,3
Jarrell ISD,2009,1,7,0,0,0,1
Jarrell ISD,2010,1,6,0,0,0,1
Jarrell ISD,2011,1,13,2,1,1,3
Jarrell ISD,2012,1,17,5,1,1,3
Jarrell ISD,2013,1,13,2,0,0,4
Jarrell ISD,2014,1,12,2,0,0,1
Jarrell ISD,2015,1,11,4,1,1,1
Jarrell ISD,2016,1,11,4,0,0,3
Jarrell ISD,2017,1,11,3,1,1,1
Jarrell ISD,2018,1,8,4,1,1,4
Jasper ISD,2010,1,154,42,0,0,4
Jasper ISD,2011,1,212,116,0,0,9
Jasper ISD,2012,1,272,83,0,0,15
Jasper ISD,2013,1,210,59,0,0,4
Jasper ISD,2014,1,186,101,0,0,6
Jasper ISD,2015,1,201,95,1,1,7
Jasper ISD,2016,1,207,96,4,4,12
Jasper ISD,2017,1,186,99,1,1,11
Jasper ISD,2018,1,145,73,3,3,11
Judson ISD,2004,1,60,43,0,0,3
Judson ISD,2005,1,45,34,0,0,3
Judson ISD,2006,1,52,40,0,0,2
Judson ISD,2007,2,247,170,1,1,24
Judson ISD,2008,3,222,158,4,1,21
Judson ISD,2009,3,241,193,1,1,23
Judson ISD,2010,3,203,175,2,0,6
Judson ISD,2011,2,179,149,1,1,8
Judson ISD,2012,2,160,127,3,3,6
Judson ISD,2013,2,129,104,5,4,3
Judson ISD,2014,1,139,121,10,10,5
Judson ISD,2015,1,97,85,3,3,4
Katy ISD,1999,1,27,0,0,0,2
Katy ISD,2000,4,175,25,0,0,17
Katy ISD,2001,4,463,167,29,29,71
Katy ISD,2002,3,416,158,31,27,53
Katy ISD,2003,5,411,168,10,9,54
Katy ISD,2004,6,532,177,20,19,88
Katy ISD,2005,7,580,261,29,30,176
Katy ISD,2006,7,507,285,38,38,147
Katy ISD,2007,6,562,244,30,30,90
Katy ISD,2008,6,646,246,12,12,92
Katy ISD,2009,5,651,258,12,12,102
Katy ISD,2010,5,707,300,14,14,95
Katy ISD,2011,5,659,279,17,17,87
Katy ISD,2012,6,1058,443,106,103,105
Katy ISD,2013,6,1400,568,135,132,121
Katy ISD,2014,6,1688,713,183,174,142
Katy ISD,2015,7,1832,694,198,175,144
Katy ISD,2016,8,2635,1089,402,368,161
Katy ISD,2017,11,4215,1694,731,695,238
Katy ISD,2018,11,4456,2052,787,767,279
Kaufman ISD,2001,1,116,27,2,0,9
Kaufman ISD,2002,1,86,29,0,0,21
Kaufman ISD,2003,1,77,24,0,0,12
Kaufman ISD,2004,1,132,0,0,0,11
Kaufman ISD,2005,1,83,43,0,2,9
Kaufman ISD,2006,1,93,53,0,0,16
Kaufman ISD,2007,1,144,71,0,0,16
Kaufman ISD,2008,1,210,72,0,0,19
Kaufman ISD,2009,1,222,127,0,0,28
Kaufman ISD,2010,1,215,160,0,0,15
Kaufman ISD,2011,1,185,144,0,0,19
Kaufman ISD,2012,1,132,107,0,0,14
Kaufman ISD,2013,1,30,24,0,0,4
Kaufman ISD,2014,1,41,29,0,0,6
Keller ISD,2016,1,160,26,10,10,8
Keller ISD,2017,1,270,70,17,17,15
Killeen ISD,1999,1,109,0,0,0,9
Killeen ISD,2000,2,211,0,0,0,7
Killeen ISD,2001,3,338,38,0,0,21
Killeen ISD,2002,3,455,169,2,2,38
Killeen ISD,2003,3,570,131,1,1,46
Killeen ISD,2004,3,572,243,0,1,62
Killeen ISD,2005,3,491,273,1,1,52
Killeen ISD,2006,3,336,181,0,0,42
Killeen ISD,2007,3,344,217,0,0,42
Killeen ISD,2008,3,310,187,0,0,38
Killeen ISD,2009,3,381,257,0,0,50
Killeen ISD,2010,3,354,241,0,0,42
Killeen ISD,2011,3,327,229,0,0,44
Killeen ISD,2012,3,388,270,0,0,64
Killeen ISD,2013,3,348,246,0,0,61
Killeen ISD,2014,4,509,320,1,1,57
Killeen ISD,2015,3,358,210,0,0,36
Killeen ISD,2016,2,442,290,4,0,66
Killeen ISD,2017,1,212,171,4,0,37
Killeen ISD,2018,2,292,211,13,12,57
Kingsville ISD,2012,1,162,102,12,9,7
Kingsville ISD,2013,1,238,158,6,5,16
Kingsville ISD,2014,1,346,231,15,13,25
Kingsville ISD,2015,1,284,200,10,6,29
Kingsville ISD,2016,1,283,188,11,7,30
Kingsville ISD,2017,1,230,157,14,11,30
Kingsville ISD,2018,1,255,194,18,14,29
Klein ISD,2008,1,242,33,3,3,6
Klein ISD,2009,1,482,117,7,5,12
Klein ISD,2010,1,633,225,18,18,19
Klein ISD,2011,1,665,316,63,57,18
Klein ISD,2012,1,636,255,63,49,28
Klein ISD,2013,1,706,308,82,69,32
Klein ISD,2014,1,666,278,95,86,40
Klein ISD,2015,2,780,380,114,97,52
Klein ISD,2016,2,878,408,154,131,71
Klein ISD,2017,1,254,96,18,18,19
Klein ISD,2018,1,289,171,14,14,26
La Feria ISD,2010,1,143,128,106,106,3
La Feria ISD,2011,1,161,146,122,122,9
La Feria ISD,2012,1,139,128,110,110,3
La Feria ISD,2013,1,137,119,98,98,4
La Feria ISD,2014,1,139,99,100,100,5
La Feria ISD,2015,1,142,137,101,101,4
La Feria ISD,2016,1,126,119,100,100,1
La Feria ISD,2017,1,135,115,120,120,3
La Feria ISD,2018,1,113,99,95,95,4
La Joya ISD,2008,1,129,120,107,107,12
La Joya ISD,2009,3,470,412,214,239,20
La Joya ISD,2010,3,804,673,341,341,24
La Joya ISD,2011,3,1014,882,366,369,47
La Joya ISD,2012,3,1243,1088,509,499,53
La Joya ISD,2013,3,1467,1318,576,557,68
La Joya ISD,2014,3,1637,1489,639,621,82
La Joya ISD,2015,3,1679,1532,712,692,82
La Joya ISD,2016,3,1654,1539,749,735,74
La Joya ISD,2017,3,1787,1656,805,793,70
La Joya ISD,2018,3,1840,1749,820,812,73
La Porte ISD,2009,1,29,29,0,0,8
La Porte ISD,2010,1,28,28,0,0,7
La Porte ISD,2011,1,427,427,199,194,5
La Porte ISD,2012,1,461,461,265,259,5
La Porte ISD,2013,1,478,478,322,317,11
La Porte ISD,2014,1,366,366,137,136,15
La Porte ISD,2015,1,392,392,150,142,14
La Porte ISD,2016,1,356,356,144,138,18
La Porte ISD,2017,1,366,366,169,166,15
La Porte ISD,2018,1,379,379,174,164,6
Lake Dallas ISD,2008,1,110,8,0,0,7
Lake Dallas ISD,2009,1,169,15,0,0,14
Lake Dallas ISD,2010,1,299,46,0,0,37
Lake Dallas ISD,2011,1,413,43,0,0,43
Lake Dallas ISD,2012,1,540,70,0,0,55
Lake Dallas ISD,2013,2,431,23,3,3,48
Lake Dallas ISD,2014,2,400,27,4,4,34
Lake Dallas ISD,2015,2,489,28,4,4,42
Lake Dallas ISD,2016,3,555,27,5,5,43
Lake Dallas ISD,2017,3,589,41,4,4,38
Lake Dallas ISD,2018,3,689,58,5,5,47
Lamar Cons ISD,2006,1,15,12,0,0,10
Lamar Cons ISD,2007,1,12,12,0,0,9
Lamar Cons ISD,2008,1,18,16,0,0,9
Lamar Cons ISD,2009,1,14,14,0,0,10
Lamar Cons ISD,2010,1,18,18,0,0,12
Lamar Cons ISD,2011,1,18,18,1,1,10
Lamar Cons ISD,2012,1,20,20,0,0,8
Lamar Cons ISD,2013,1,16,16,0,0,9
Lamar Cons ISD,2014,1,18,18,1,1,9
Lamar Cons ISD,2015,1,16,16,2,2,6
Lamar Cons ISD,2016,1,16,16,0,0,6
Lamar Cons ISD,2017,1,12,12,0,0,8
Lamar Cons ISD,2018,1,17,16,0,0,9
Lancaster ISD,2001,1,82,7,0,0,0
Lancaster ISD,2002,1,154,82,26,32,14
Lancaster ISD,2003,1,147,129,42,40,17
Lancaster ISD,2009,1,56,41,0,0,0
Lancaster ISD,2010,1,78,53,0,0,4
Lancaster ISD,2014,1,17,17,2,2,0
Lancaster ISD,2017,1,8,8,2,2,0
Lancaster ISD,2018,3,1271,1029,210,210,52
Laredo ISD,2009,2,444,280,99,99,16
Laredo ISD,2010,2,720,479,173,172,23
Laredo ISD,2011,1,632,393,43,38,7
Laredo ISD,2012,2,833,575,214,182,30
Laredo ISD,2013,2,889,591,236,210,31
Laredo ISD,2014,2,936,644,249,229,39
Laredo ISD,2015,2,854,602,257,248,38
Laredo ISD,2016,2,821,606,246,224,39
Laredo ISD,2017,2,868,651,292,271,39
Laredo ISD,2018,3,1052,750,368,348,59
Leakey ISD,2004,1,28,23,0,0,21
Leakey ISD,2005,1,66,48,0,0,36
Leakey ISD,2006,1,56,46,2,2,39
Leakey ISD,2007,1,53,50,0,0,38
Leakey ISD,2008,1,58,53,5,5,45
Leakey ISD,2009,1,57,49,0,0,47
Leakey ISD,2010,1,72,69,1,1,47
Leakey ISD,2011,1,71,66,2,2,34
Leakey ISD,2012,1,72,67,0,0,37
Leakey ISD,2013,1,94,83,3,3,45
Leakey ISD,2014,1,86,76,2,2,25
Leakey ISD,2015,1,139,89,2,2,45
Leakey ISD,2016,1,122,112,1,1,45
Leakey ISD,2017,1,114,104,1,1,37
Leakey ISD,2018,1,129,109,3,3,38
Leander ISD,2014,1,139,52,0,0,14
Leander ISD,2015,2,652,94,6,6,35
Leander ISD,2016,2,724,100,10,10,34
Leander ISD,2017,2,829,76,6,6,48
Leander ISD,2018,3,1319,251,142,136,96
Lewisville ISD,2001,1,216,14,0,0,22
Lewisville ISD,2002,3,696,11,2,2,89
Lewisville ISD,2003,3,827,58,9,9,109
Lewisville ISD,2004,3,1105,117,17,9,100
Lewisville ISD,2005,3,970,134,29,19,104
Lewisville ISD,2006,3,980,178,42,24,102
Lewisville ISD,2007,2,562,144,24,24,78
Lewisville ISD,2008,5,624,166,34,29,84
Lewisville ISD,2009,5,625,190,29,26,67
Lewisville ISD,2010,6,746,186,31,27,79
Lewisville ISD,2011,6,914,218,23,23,93
Lewisville ISD,2012,5,4744,1820,24,24,292
Lewisville ISD,2013,6,6662,3275,69,67,422
Lewisville ISD,2014,7,7562,3210,192,190,707
Lewisville ISD,2015,7,8082,3155,168,167,735
Lewisville ISD,2016,9,8109,3468,205,204,752
Lewisville ISD,2017,10,8923,3824,324,313,976
Lewisville ISD,2018,10,8581,3530,358,349,1017
Liberty Hill ISD,2000,1,18,0,0,0,18
Liberty Hill ISD,2001,1,28,0,0,0,27
Liberty Hill ISD,2002,1,73,0,0,0,73
Liberty Hill ISD,2003,1,78,67,0,0,70
Liberty Hill ISD,2004,1,80,24,0,0,74
Liberty Hill ISD,2005,1,83,83,0,0,74
Liberty Hill ISD,2006,1,95,24,0,0,67
Liberty Hill ISD,2007,1,100,8,0,0,62
Liberty Hill ISD,2008,1,97,5,0,0,62
Liberty Hill ISD,2009,1,91,0,0,0,54
Liberty Hill ISD,2010,1,89,0,1,1,56
Liberty Hill ISD,2011,1,111,2,0,0,46
Liberty Hill ISD,2012,1,102,1,0,0,46
Liberty Hill ISD,2013,1,103,0,0,0,42
Liberty Hill ISD,2014,1,107,0,0,0,43
Liberty Hill ISD,2015,1,94,94,0,0,42
Liberty Hill ISD,2016,1,107,107,1,1,47
Liberty Hill ISD,2017,1,114,114,1,0,41
Liberty Hill ISD,2018,1,101,101,0,0,30
Little Elm ISD,2002,1,68,0,0,0,17
Little Elm ISD,2003,1,112,20,0,0,30
Little Elm ISD,2004,1,91,27,2,2,24
Little Elm ISD,2005,1,122,71,2,2,29
Little Elm ISD,2006,1,155,72,6,5,27
Little Elm ISD,2007,1,188,85,25,24,26
Little Elm ISD,2008,1,189,83,25,24,29
Little Elm ISD,2009,1,176,54,18,18,24
Little Elm ISD,2010,1,168,82,7,8,21
Little Elm ISD,2011,1,182,111,36,36,22
Little Elm ISD,2012,1,181,110,18,18,21
Little Elm ISD,2013,1,182,116,14,14,19
Little Elm ISD,2014,1,154,73,13,13,18
Little Elm ISD,2015,2,221,109,49,48,18
Little Elm ISD,2016,1,140,93,42,41,18
Little Elm ISD,2017,1,108,78,31,31,19
Little Elm ISD,2018,1,163,110,30,30,25
Llano ISD,2017,1,85,30,0,0,5
Llano ISD,2018,1,151,69,0,0,26
Lockhart ISD,2003,1,118,114,0,0,100
Lockhart ISD,2004,1,121,120,0,0,117
Lockhart ISD,2005,1,119,119,0,0,117
Lockhart ISD,2006,1,170,149,0,0,153
Lockhart ISD,2007,1,166,166,0,0,114
Lockhart ISD,2008,1,175,175,0,0,93
Lockhart ISD,2009,1,172,172,11,11,70
Lockhart ISD,2010,1,168,167,6,6,72
Lockhart ISD,2011,1,165,159,11,11,66
Lockhart ISD,2012,1,175,174,11,11,62
Lockhart ISD,2013,1,171,169,8,8,60
Lockhart ISD,2014,1,171,168,0,0,58
Lockhart ISD,2015,1,165,163,10,10,67
Lockhart ISD,2016,1,182,182,13,13,69
Lockhart ISD,2017,2,181,168,15,15,53
Lockhart ISD,2018,2,159,148,14,14,53
Lometa ISD,1999,1,46,46,0,0,30
Lometa ISD,2000,1,28,26,0,0,18
Lometa ISD,2001,1,41,39,0,0,32
Lometa ISD,2002,1,74,71,0,0,42
Lometa ISD,2003,1,77,70,2,2,35
Lometa ISD,2004,1,70,64,0,0,36
Lometa ISD,2005,1,129,90,2,2,47
Lometa ISD,2006,1,72,51,1,0,26
Lometa ISD,2009,1,23,20,0,0,13
Lometa ISD,2010,1,26,26,0,0,18
Lometa ISD,2011,1,29,29,0,0,21
Lometa ISD,2012,1,31,31,0,0,19
Lometa ISD,2013,1,31,31,2,2,20
Lometa ISD,2014,1,29,29,1,1,10
Lometa ISD,2015,1,32,32,0,0,18
Lometa ISD,2016,1,31,31,1,1,7
Lometa ISD,2017,1,32,32,0,0,20
Lometa ISD,2018,1,34,34,0,0,6
Longview ISD,2000,1,52,27,0,0,0
Longview ISD,2001,1,144,18,1,1,4
Longview ISD,2002,1,143,19,1,1,7
Longview ISD,2003,2,170,33,0,0,17
Longview ISD,2004,1,140,29,0,0,7
Longview ISD,2005,1,139,34,0,0,11
Longview ISD,2006,3,248,144,1,1,16
Longview ISD,2007,1,168,62,0,0,17
Longview ISD,2008,1,162,54,0,0,27
Longview ISD,2009,1,155,50,0,0,26
Longview ISD,2010,1,157,49,0,0,21
Longview ISD,2011,1,157,50,0,0,14
Longview ISD,2012,1,165,58,0,0,15
Longview ISD,2013,2,225,44,0,0,14
Longview ISD,2014,2,284,71,0,0,17
Longview ISD,2015,2,299,70,2,1,18
Longview ISD,2016,2,309,65,1,1,26
Longview ISD,2017,2,324,66,1,1,24
Longview ISD,2018,2,358,72,1,1,27
Lubbock ISD,2000,4,281,135,3,1,24
Lubbock ISD,2001,4,465,242,22,0,38
Lubbock ISD,2002,4,482,286,1,1,67
Lubbock ISD,2003,4,509,285,7,7,79
Lubbock ISD,2004,4,558,376,11,11,84
Lubbock ISD,2005,4,612,436,31,31,99
Lubbock ISD,2006,4,571,416,15,15,71
Lubbock ISD,2007,4,637,487,9,9,96
Lubbock ISD,2008,5,778,579,7,6,101
Lubbock ISD,2009,5,856,685,0,0,79
Lubbock ISD,2010,5,947,775,0,0,106
Lubbock ISD,2011,5,1003,827,5,5,113
Lubbock ISD,2012,5,1083,894,12,10,153
Lubbock ISD,2013,5,1156,954,10,10,171
Lubbock ISD,2014,5,1149,946,21,19,188
Lubbock ISD,2015,5,1044,949,23,21,165
Lubbock ISD,2016,4,1019,816,19,16,116
Lubbock ISD,2017,4,1063,902,26,26,124
Lubbock ISD,2018,4,1080,934,32,29,120
Lufkin ISD,2000,1,208,23,0,0,12
Lufkin ISD,2001,1,275,12,0,0,20
Lufkin ISD,2002,1,187,86,0,0,21
Lufkin ISD,2003,1,182,99,11,9,25
Lufkin ISD,2004,1,197,107,3,3,24
Lufkin ISD,2005,1,206,114,1,1,20
Lufkin ISD,2006,1,220,132,3,1,26
Lufkin ISD,2007,1,263,145,1,1,34
Lufkin ISD,2008,1,313,185,1,1,36
Lufkin ISD,2009,1,304,209,1,1,45
Lufkin ISD,2010,2,336,206,0,0,39
Lufkin ISD,2011,2,465,272,0,0,41
Lufkin ISD,2012,2,554,350,0,0,48
Lufkin ISD,2013,2,635,320,0,0,45
Lufkin ISD,2014,2,701,344,21,21,46
Lufkin ISD,2015,2,811,407,41,41,49
Lufkin ISD,2016,2,966,451,51,50,58
Lufkin ISD,2017,3,1037,470,58,58,69
Lufkin ISD,2018,3,1020,517,55,55,82
Manor ISD,2001,1,25,3,0,0,0
Manor ISD,2002,1,40,21,0,0,4
Manor ISD,2005,1,147,123,53,52,12
Manor ISD,2006,2,393,212,56,54,29
Manor ISD,2007,2,526,155,67,52,31
Manor ISD,2008,3,776,458,90,70,115
Manor ISD,2009,4,863,546,89,87,100
Manor ISD,2010,4,954,643,136,135,52
Manor ISD,2011,5,1367,981,331,331,81
Manor ISD,2012,6,1875,1427,635,626,116
Manor ISD,2013,6,2248,1754,852,809,155
Manor ISD,2014,6,2533,2044,1023,1016,175
Manor ISD,2015,5,2076,1495,892,881,146
Manor ISD,2016,8,4134,3312,1778,1764,340
Manor ISD,2017,6,3191,2367,1385,1358,256
Manor ISD,2018,6,3137,2397,1357,1313,281
Mansfield ISD,2017,2,485,246,64,63,20
Mansfield ISD,2018,2,782,360,106,105,31
Marion ISD,2002,1,7,7,0,0,4
Marion ISD,2003,1,5,5,0,0,0
Marshall ISD,2002,1,75,42,0,0,0
Marshall ISD,2010,1,65,17,1,0,2
Marshall ISD,2011,1,67,24,0,0,0
Marshall ISD,2012,1,88,16,0,0,0
Marshall ISD,2013,1,91,31,0,0,2
Marshall ISD,2014,1,75,20,0,0,1
Marshall ISD,2015,1,89,27,0,0,2
Marshall ISD,2016,1,87,27,0,0,2
Marshall ISD,2017,1,80,36,0,0,1
Marshall ISD,2018,1,82,29,0,0,0
Martins Mill ISD,2000,1,42,12,0,0,9
Martins Mill ISD,2001,1,40,0,0,0,10
Martins Mill ISD,2002,1,65,0,0,0,13
Martins Mill ISD,2003,1,42,0,0,0,8
Martins Mill ISD,2004,1,55,10,0,0,8
Martins Mill ISD,2005,1,45,4,0,0,8
Martins Mill ISD,2006,1,39,8,0,0,6
Martins Mill ISD,2007,1,33,5,0,0,6
Martins Mill ISD,2008,1,38,2,0,0,4
Martins Mill ISD,2009,1,43,0,0,0,6
Martins Mill ISD,2010,1,44,12,0,0,4
Martins Mill ISD,2011,1,58,12,0,0,10
Martins Mill ISD,2012,1,52,11,0,0,6
Martins Mill ISD,2013,1,63,20,0,0,9
Martins Mill ISD,2014,1,57,24,0,0,8
Martins Mill ISD,2015,1,76,28,0,0,18
Martins Mill ISD,2016,1,86,42,0,0,20
Martins Mill ISD,2017,1,114,48,0,0,17
Martins Mill ISD,2018,1,102,49,0,0,16
McAllen ISD,2003,1,84,77,17,15,0
McAllen ISD,2004,1,202,194,21,21,10
McAllen ISD,2005,1,207,190,6,10,9
McAllen ISD,2006,1,193,129,17,6,7
McAllen ISD,2007,2,526,324,93,79,26
McAllen ISD,2008,2,589,394,140,140,27
McAllen ISD,2009,2,538,346,137,137,24
McAllen ISD,2010,2,553,375,138,156,30
McAllen ISD,2011,2,578,396,149,126,34
McAllen ISD,2012,2,599,419,204,159,37
McAllen ISD,2013,2,652,492,205,182,35
McAllen ISD,2014,2,748,604,298,282,30
McAllen ISD,2015,2,724,535,317,300,28
McAllen ISD,2016,2,791,537,367,353,42
McAllen ISD,2017,2,820,529,423,392,46
McAllen ISD,2018,2,708,576,360,333,41
McKinney ISD,2009,1,82,0,0,0,6
McKinney ISD,2010,1,129,0,0,0,12
McKinney ISD,2011,2,485,304,0,0,14
McKinney ISD,2012,1,108,108,6,6,6
McKinney ISD,2013,1,900,75,4,4,37
McKinney ISD,2014,1,1022,74,13,12,40
McKinney ISD,2015,1,1097,85,31,30,53
McKinney ISD,2016,1,1192,84,50,47,61
McKinney ISD,2017,1,1230,75,97,84,67
McKinney ISD,2018,1,1341,109,109,99,66
Mercedes ISD,2000,1,51,35,1,1,1
Mercedes ISD,2001,1,45,29,2,1,1
Mercedes ISD,2002,1,95,36,1,1,4
Mercedes ISD,2003,1,80,65,0,0,3
Mercedes ISD,2004,1,51,19,0,0,0
Mercedes ISD,2005,1,45,35,1,0,3
Mercedes ISD,2006,1,52,34,3,0,3
Mercedes ISD,2007,1,48,39,6,3,4
Mercedes ISD,2008,1,70,60,9,9,5
Mercedes ISD,2009,1,66,53,3,3,2
Mercedes ISD,2010,1,82,79,4,4,5
Mercedes ISD,2011,1,74,68,3,3,2
Mercedes ISD,2012,1,92,84,5,5,7
Mercedes ISD,2013,1,89,86,1,1,3
Mercedes ISD,2014,1,93,86,0,0,4
Mercedes ISD,2015,1,84,72,5,5,3
Mercedes ISD,2016,1,108,103,2,2,5
Mercedes ISD,2017,1,115,112,7,7,5
Mercedes ISD,2018,1,112,109,6,5,8
Mesquite ISD,2003,1,159,118,40,41,19
Mesquite ISD,2004,1,196,185,71,70,8
Mesquite ISD,2005,1,278,256,82,79,16
Mesquite ISD,2008,1,89,36,4,4,12
Mesquite ISD,2009,1,65,27,0,0,8
Mesquite ISD,2011,1,62,44,0,0,3
Mesquite ISD,2013,1,343,195,14,14,10
Mesquite ISD,2014,1,428,350,48,41,15
Mesquite ISD,2015,1,528,402,115,108,22
Mesquite ISD,2016,4,1394,1017,451,430,81
Mesquite ISD,2017,4,1486,1152,597,582,89
Mesquite ISD,2018,3,1769,1328,720,707,113
Midland ISD,2000,3,682,276,0,0,0
Midland ISD,2001,3,937,482,0,0,65
Midland ISD,2002,3,804,361,50,49,63
Midland ISD,2003,3,794,431,167,167,67
Midland ISD,2004,3,738,483,124,124,94
Midland ISD,2005,3,882,564,131,129,102
Midland ISD,2006,3,838,517,136,133,73
Midland ISD,2007,3,797,498,86,82,59
Midland ISD,2008,3,763,469,93,92,54
Midland ISD,2009,3,801,399,89,89,56
Midland ISD,2010,3,842,551,94,93,63
Midland ISD,2011,3,870,569,149,149,66
Midland ISD,2012,3,863,489,94,94,77
Midland ISD,2013,3,784,458,77,77,62
Midland ISD,2014,4,884,453,72,71,43
Midland ISD,2015,4,1062,413,80,72,45
Midland ISD,2016,4,1157,480,70,68,55
Midland ISD,2017,5,1273,632,72,62,56
Midland ISD,2018,4,1368,639,72,70,65
Mission Cons ISD,1997,1,93,69,0,0,0
Mission Cons ISD,1998,1,167,14,0,0,8
Mission Cons ISD,1999,1,243,82,0,0,0
Mission Cons ISD,2000,1,179,105,0,0,2
Mission Cons ISD,2001,1,172,172,12,12,1
Mission Cons ISD,2002,1,199,140,15,15,3
Mission Cons ISD,2003,1,192,188,0,4,28
Mission Cons ISD,2004,1,165,160,46,46,38
Mission Cons ISD,2005,1,148,144,64,64,10
Mission Cons ISD,2006,1,139,137,76,76,8
Mission Cons ISD,2007,2,275,200,153,153,19
Mission Cons ISD,2008,2,314,271,163,160,14
Mission Cons ISD,2009,2,314,278,184,183,13
Mission Cons ISD,2010,2,247,197,126,125,11
Mission Cons ISD,2011,2,295,291,182,182,10
Mission Cons ISD,2012,2,408,303,159,153,30
Mission Cons ISD,2013,3,450,417,189,187,33
Mission Cons ISD,2014,3,521,483,216,210,30
Mission Cons ISD,2015,3,589,538,291,287,28
Mission Cons ISD,2016,4,608,549,387,380,27
Mission Cons ISD,2017,4,1179,1071,667,645,59
Mission Cons ISD,2018,4,1426,1242,766,743,82
Nacogdoches ISD,2009,1,154,16,0,0,11
Nacogdoches ISD,2010,1,221,25,0,0,12
Nacogdoches ISD,2011,1,261,39,0,0,10
Nacogdoches ISD,2012,1,259,25,1,1,10
Nacogdoches ISD,2013,1,252,19,3,2,10
Nacogdoches ISD,2014,1,246,17,2,1,12
Nacogdoches ISD,2015,1,250,19,3,2,8
Nacogdoches ISD,2016,1,242,14,4,3,7
Nacogdoches ISD,2017,1,255,22,6,5,16
Nacogdoches ISD,2018,1,255,22,7,7,13
New Braunfels ISD,1999,1,72,57,0,0,27
New Braunfels ISD,2000,1,49,38,0,0,20
New Braunfels ISD,2001,1,35,17,0,0,10
New Braunfels ISD,2002,1,48,28,0,0,9
New Braunfels ISD,2003,1,82,52,0,0,16
New Braunfels ISD,2004,1,88,60,0,0,15
New Braunfels ISD,2005,1,112,84,0,0,16
New Braunfels ISD,2006,1,130,88,0,0,34
New Braunfels ISD,2011,1,92,50,3,3,6
New Braunfels ISD,2012,1,127,79,3,3,13
New Braunfels ISD,2013,1,103,54,4,4,18
New Braunfels ISD,2014,1,103,57,4,4,13
New Braunfels ISD,2015,1,93,35,2,2,6
New Braunfels ISD,2016,1,108,45,5,5,14
New Braunfels ISD,2017,1,108,50,6,6,12
New Braunfels ISD,2018,1,103,56,3,3,10
New Waverly ISD,1999,1,224,224,0,0,31
New Waverly ISD,2000,1,184,184,0,0,25
New Waverly ISD,2001,1,194,194,0,0,34
New Waverly ISD,2002,1,201,201,1,1,44
New Waverly ISD,2003,1,203,203,0,0,34
New Waverly ISD,2004,1,180,180,0,0,39
New Waverly ISD,2005,1,168,168,0,0,30
New Waverly ISD,2006,1,161,161,0,0,32
New Waverly ISD,2007,1,172,172,11,11,29
New Waverly ISD,2008,1,171,171,5,5,40
New Waverly ISD,2009,1,146,146,0,0,21
New Waverly ISD,2010,1,136,136,1,1,24
New Waverly ISD,2011,1,110,110,2,2,32
New Waverly ISD,2012,1,103,103,1,1,22
New Waverly ISD,2013,1,100,100,0,0,28
New Waverly ISD,2014,1,78,78,1,1,16
New Waverly ISD,2015,1,72,72,6,6,12
New Waverly ISD,2016,1,95,95,3,3,28
New Waverly ISD,2017,1,89,89,3,3,18
New Waverly ISD,2018,1,104,104,0,0,31
North East ISD,1997,1,106,27,0,0,0
North East ISD,1998,1,189,47,0,0,6
North East ISD,1999,2,300,125,0,0,53
North East ISD,2000,5,597,230,0,0,112
North East ISD,2001,6,876,678,0,0,135
North East ISD,2002,7,933,637,1,0,215
North East ISD,2003,9,1506,1085,69,65,236
North East ISD,2004,8,2206,1726,40,41,343
North East ISD,2005,7,1843,1481,98,98,296
North East ISD,2006,9,1932,1465,66,58,243
North East ISD,2007,8,2407,1792,40,35,242
North East ISD,2008,9,2824,2093,113,111,254
North East ISD,2009,9,2673,2120,69,71,215
North East ISD,2010,10,3010,2409,139,143,207
North East ISD,2011,12,3726,3033,231,232,258
North East ISD,2012,13,4167,3377,313,303,314
North East ISD,2013,14,4148,3358,365,345,311
North East ISD,2014,14,4452,3527,565,544,307
North East ISD,2015,16,4513,3486,502,494,340
North East ISD,2016,18,6383,4085,736,703,422
North East ISD,2017,21,7094,4341,767,744,528
North East ISD,2018,22,9085,5207,863,872,688
Northside ISD (Bexar),1999,1,389,187,1,0,22
Northside ISD (Bexar),2000,4,673,301,0,0,30
Northside ISD (Bexar),2001,5,892,631,0,0,48
Northside ISD (Bexar),2002,5,1415,795,22,21,92
Northside ISD (Bexar),2003,4,765,527,32,10,78
Northside ISD (Bexar),2004,5,1174,760,89,88,161
Northside ISD (Bexar),2005,8,1559,1274,114,103,262
Northside ISD (Bexar),2006,7,1539,1305,127,118,246
Northside ISD (Bexar),2007,7,1703,1376,101,92,236
Northside ISD (Bexar),2008,8,1932,1435,122,114,212
Northside ISD (Bexar),2009,12,3118,2253,215,205,197
Northside ISD (Bexar),2010,12,3504,2532,294,273,230
Northside ISD (Bexar),2011,13,3555,2721,317,277,211
Northside ISD (Bexar),2012,9,2632,1856,265,259,207
Northside ISD (Bexar),2013,11,2672,1494,364,344,221
Northside ISD (Bexar),2014,12,3368,1795,448,414,243
Northside ISD (Bexar),2015,12,3586,1959,421,377,245
Northside ISD (Bexar),2016,13,3708,2475,465,427,299
Northside ISD (Bexar),2017,13,3965,2641,477,442,335
Northside ISD (Bexar),2018,16,5115,3002,674,606,369
Northwest ISD,2004,1,197,0,0,0,0
Northwest ISD,2005,1,267,0,0,0,16
Northwest ISD,2006,1,322,0,0,0,32
Northwest ISD,2007,1,350,0,0,0,41
Northwest ISD,2008,1,379,0,0,0,38
Northwest ISD,2009,1,408,0,0,0,33
Northwest ISD,2010,1,480,0,2,2,35
Northwest ISD,2011,1,520,0,2,2,31
Northwest ISD,2012,1,617,0,1,1,27
Northwest ISD,2013,1,670,0,0,0,30
Northwest ISD,2014,1,695,0,1,1,29
Northwest ISD,2015,3,2201,227,84,84,116
Northwest ISD,2016,3,2241,258,147,147,116
Northwest ISD,2017,3,2250,318,152,152,106
Northwest ISD,2018,4,2695,493,235,235,124
Palestine ISD,2000,1,32,32,0,0,1
Palestine ISD,2002,1,93,25,4,1,9
Palestine ISD,2003,1,101,24,0,0,15
Palestine ISD,2004,1,81,27,0,0,8
Palestine ISD,2005,1,82,49,0,0,15
Palestine ISD,2006,1,71,40,0,0,11
Palestine ISD,2007,1,80,43,0,0,11
Palestine ISD,2008,2,141,99,0,0,36
Palestine ISD,2009,1,129,91,0,0,32
Palestine ISD,2010,1,103,68,0,0,13
Palestine ISD,2011,1,132,99,0,0,13
Palestine ISD,2012,1,120,97,0,0,10
Palestine ISD,2013,2,130,63,0,0,6
Palestine ISD,2014,2,222,118,0,0,20
Palestine ISD,2015,1,175,38,0,0,8
Palestine ISD,2016,1,164,48,0,0,5
Palestine ISD,2017,1,202,67,1,0,5
Palestine ISD,2018,1,201,58,1,0,7
Pasadena ISD,2001,1,380,288,0,0,10
Pasadena ISD,2002,1,423,231,0,11,17
Pasadena ISD,2003,1,505,378,119,10,19
Pasadena ISD,2004,2,772,542,81,17,43
Pasadena ISD,2005,2,958,696,59,18,55
Pasadena ISD,2006,2,959,719,11,7,51
Pasadena ISD,2007,2,1046,813,8,4,55
Pasadena ISD,2008,2,1117,862,52,24,91
Pasadena ISD,2009,2,1070,836,45,22,73
Pasadena ISD,2010,2,1121,868,115,113,89
Pasadena ISD,2011,2,1126,860,70,68,90
Pasadena ISD,2012,2,1187,972,63,62,82
Pasadena ISD,2013,2,1231,825,69,69,70
Pasadena ISD,2014,3,1561,1221,155,154,69
Pasadena ISD,2015,3,1678,1139,189,189,73
Pasadena ISD,2016,7,2242,1491,253,234,97
Pasadena ISD,2017,8,2579,1950,448,422,102
Pasadena ISD,2018,10,4146,2614,1073,1044,218
Pflugerville ISD,1999,2,159,4,0,0,10
Pflugerville ISD,2000,2,225,10,0,0,23
Pflugerville ISD,2001,2,292,7,0,0,26
Pflugerville ISD,2002,2,352,7,0,0,25
Pflugerville ISD,2003,2,434,25,0,0,28
Pflugerville ISD,2004,1,328,39,0,0,34
Pflugerville ISD,2005,1,330,41,0,0,35
Pflugerville ISD,2006,1,360,58,2,2,36
Pflugerville ISD,2007,1,372,76,3,3,38
Pflugerville ISD,2008,1,337,80,2,2,40
Pflugerville ISD,2009,2,534,157,12,12,52
Pflugerville ISD,2010,2,771,278,33,35,67
Pflugerville ISD,2011,2,1001,390,52,48,80
Pflugerville ISD,2012,2,1098,449,69,61,74
Pflugerville ISD,2013,2,1126,464,79,77,93
Pflugerville ISD,2014,2,1167,528,95,95,92
Pflugerville ISD,2015,2,1254,564,140,137,85
Pflugerville ISD,2016,3,1468,629,213,207,101
Pflugerville ISD,2017,3,1626,682,269,267,122
Pflugerville ISD,2018,3,1706,801,339,335,146
Pharr-San Juan-Alamo ISD,2000,1,53,0,0,0,0
Pharr-San Juan-Alamo ISD,2001,1,159,3,0,0,2
Pharr-San Juan-Alamo ISD,2002,1,206,32,78,78,7
Pharr-San Juan-Alamo ISD,2003,1,127,90,81,81,12
Pharr-San Juan-Alamo ISD,2004,1,112,87,77,77,16
Pharr-San Juan-Alamo ISD,2005,2,391,286,212,211,34
Pharr-San Juan-Alamo ISD,2006,2,412,332,190,189,21
Pharr-San Juan-Alamo ISD,2007,2,542,367,250,248,26
Pharr-San Juan-Alamo ISD,2008,2,575,467,239,238,20
Pharr-San Juan-Alamo ISD,2009,3,977,792,456,454,29
Pharr-San Juan-Alamo ISD,2010,4,1379,1129,492,490,38
Pharr-San Juan-Alamo ISD,2011,5,2164,1803,589,581,60
Pharr-San Juan-Alamo ISD,2012,5,3001,2556,783,770,118
Pharr-San Juan-Alamo ISD,2013,6,3475,2982,1173,1154,127
Pharr-San Juan-Alamo ISD,2014,5,3162,2719,1002,987,136
Pharr-San Juan-Alamo ISD,2015,5,3423,2920,1210,1195,140
Pharr-San Juan-Alamo ISD,2016,5,3453,3008,1281,1265,143
Pharr-San Juan-Alamo ISD,2017,6,3771,3282,1520,1501,158
Pharr-San Juan-Alamo ISD,2018,6,3730,3253,1484,1467,165
Pilot Point ISD,2012,1,124,4,0,0,20
Pilot Point ISD,2013,1,145,10,0,0,22
Pilot Point ISD,2014,1,177,41,6,0,13
Plano ISD,2013,1,433,190,94,86,17
Plano ISD,2014,1,686,313,159,134,33
Plano ISD,2015,3,1130,519,236,211,74
Plano ISD,2016,3,1456,669,329,287,82
Plano ISD,2017,3,1488,602,405,376,95
Plano ISD,2018,5,1472,689,394,377,115
Port Arthur ISD,2000,1,157,87,0,0,5
Port Arthur ISD,2001,1,117,90,0,0,10
Port Arthur ISD,2002,1,134,123,0,0,5
Port Arthur ISD,2003,1,160,147,0,0,21
Port Arthur ISD,2004,1,222,137,0,0,18
Port Arthur ISD,2005,1,334,305,0,0,29
Port Arthur ISD,2006,1,343,207,0,0,17
Port Arthur ISD,2007,1,338,323,0,0,32
Port Arthur ISD,2008,1,411,378,0,0,27
Port Arthur ISD,2009,1,387,365,0,0,32
Port Arthur ISD,2010,1,370,355,0,0,28
Port Arthur ISD,2011,4,623,584,0,0,55
Port Arthur ISD,2012,4,636,614,23,12,51
Port Arthur ISD,2013,4,641,571,15,10,38
Port Arthur ISD,2014,4,568,500,20,14,25
Port Arthur ISD,2015,4,796,720,77,41,34
Port Arthur ISD,2016,4,942,845,108,66,37
Port Arthur ISD,2017,5,1283,1196,336,332,48
Port Arthur ISD,2018,5,1287,1077,451,439,52
Post ISD,2011,1,55,55,2,0,15
Post ISD,2012,1,53,53,1,0,13
Post ISD,2013,1,53,53,5,0,10
Raymondville ISD,2005,1,77,75,4,4,19
Raymondville ISD,2006,1,67,67,6,6,15
Raymondville ISD,2007,1,71,71,8,7,6
Raymondville ISD,2008,1,94,94,2,2,10
Raymondville ISD,2009,1,72,71,6,5,4
Raymondville ISD,2010,1,55,55,2,2,5
Raymondville ISD,2014,1,91,81,0,0,5
Raymondville ISD,2015,1,105,77,1,1,6
Red Oak ISD,2006,1,747,196,30,29,63
Red Oak ISD,2007,1,952,234,26,26,96
Red Oak ISD,2008,1,1096,254,29,29,99
Red Oak ISD,2009,1,1263,312,31,31,90
Red Oak ISD,2010,1,1401,398,35,35,89
Red Oak ISD,2011,1,1501,455,40,39,97
Red Oak ISD,2012,1,1554,508,49,47,112
Red Oak ISD,2013,1,1625,583,61,59,110
Red Oak ISD,2014,1,1774,650,71,69,126
Red Oak ISD,2015,1,1949,704,81,79,127
Red Oak ISD,2016,1,1051,448,61,58,63
Red Oak ISD,2017,1,1051,400,57,57,63
Red Oak ISD,2018,1,1030,470,54,52,72
Richardson ISD,2002,1,268,69,7,0,49
Richardson ISD,2003,2,550,192,27,2,58
Richardson ISD,2004,2,637,157,14,6,91
Richardson ISD,2005,3,921,420,47,38,101
Richardson ISD,2006,3,1107,563,68,52,107
Richardson ISD,2007,4,1702,803,162,145,129
Richardson ISD,2008,4,1726,776,194,160,121
Richardson ISD,2009,4,1832,932,195,179,124
Richardson ISD,2010,4,1865,877,189,189,135
Richardson ISD,2011,4,2096,1158,208,200,126
Richardson ISD,2012,4,2316,1465,263,245,145
Richardson ISD,2013,6,2605,1539,353,328,163
Richardson ISD,2014,6,2722,1659,427,407,186
Richardson ISD,2015,5,2587,1551,493,473,171
Richardson ISD,2016,4,2392,1482,492,470,145
Richardson ISD,2017,4,2457,1469,548,528,138
Richardson ISD,2018,4,2385,1457,538,530,148
Rio Grande City Cons ISD,2003,2,70,70,0,0,10
Rio Grande City Cons ISD,2004,2,160,157,0,0,23
Rio Grande City Cons ISD,2005,1,63,57,6,6,11
Rio Grande City Cons ISD,2006,1,94,91,35,35,6
Rio Grande City Cons ISD,2007,1,160,157,97,96,5
Rio Grande City Cons ISD,2008,1,167,162,96,91,15
Rio Grande City Cons ISD,2009,1,175,142,86,84,11
Rio Grande City Cons ISD,2010,1,150,116,48,31,18
Rio Grande City Cons ISD,2011,1,137,136,33,30,16
Rio Grande City Cons ISD,2012,1,139,138,29,29,13
Rio Grande City Cons ISD,2013,1,168,154,91,91,24
Rio Grande City Cons ISD,2014,1,145,123,32,32,14
Rio Grande City Cons ISD,2015,1,164,138,43,43,18
Rio Grande City Cons ISD,2018,2,479,443,253,253,17
Rockdale ISD,2009,1,59,59,4,2,16
Rockdale ISD,2010,1,62,61,3,3,21
Rockdale ISD,2011,1,58,58,2,0,15
Rockdale ISD,2012,1,62,62,4,4,22
Rockdale ISD,2013,1,53,53,2,2,21
Rockdale ISD,2014,1,48,48,2,2,11
Rockdale ISD,2015,1,57,57,7,7,15
Rockdale ISD,2016,1,59,59,5,5,19
Rockdale ISD,2017,1,62,62,8,8,15
Rockdale ISD,2018,1,33,33,2,1,9
Round Rock ISD,2004,1,191,0,0,0,10
Round Rock ISD,2005,1,207,0,0,0,10
Round Rock ISD,2006,1,252,0,0,0,7
Round Rock ISD,2007,1,301,0,0,0,7
Round Rock ISD,2008,1,315,0,0,0,7
Round Rock ISD,2009,2,366,63,0,0,38
Round Rock ISD,2010,2,383,67,0,0,48
Round Rock ISD,2011,2,425,61,0,0,42
Round Rock ISD,2012,4,1540,257,58,57,57
Round Rock ISD,2013,4,2094,296,148,144,82
Round Rock ISD,2014,5,2591,419,199,187,102
Round Rock ISD,2015,5,3084,598,251,222,141
Round Rock ISD,2016,5,3624,752,313,287,188
Round Rock ISD,2017,5,3749,687,392,366,213
Round Rock ISD,2018,5,3268,630,284,257,208
Royse City ISD,2011,1,106,34,2,2,7
Royse City ISD,2012,1,162,68,2,2,9
Royse City ISD,2013,1,139,60,1,1,8
Royse City ISD,2014,1,141,71,1,1,8
Royse City ISD,2015,1,95,41,2,2,7
Royse City ISD,2016,1,98,46,4,4,13
Royse City ISD,2017,1,91,28,3,3,9
Royse City ISD,2018,1,117,18,2,2,11
San Angelo ISD,2010,1,633,287,0,0,44
San Angelo ISD,2011,1,745,334,10,6,45
San Angelo ISD,2012,1,836,385,10,10,52
San Angelo ISD,2013,1,960,406,10,10,71
San Angelo ISD,2014,1,1005,441,14,14,71
San Angelo ISD,2015,1,1198,563,23,22,83
San Angelo ISD,2016,1,1198,533,33,32,82
San Angelo ISD,2017,1,1296,559,33,33,95
San Angelo ISD,2018,1,1235,560,30,29,93
San Antonio ISD,1997,1,153,122,0,0,0
San Antonio ISD,1998,1,152,123,0,0,0
San Antonio ISD,1999,5,1018,756,127,60,63
San Antonio ISD,2000,7,1343,885,42,42,97
San Antonio ISD,2001,9,1631,1147,133,129,133
San Antonio ISD,2002,11,1857,1424,192,178,194
San Antonio ISD,2003,11,2027,1464,212,194,266
San Antonio ISD,2004,11,2067,1653,206,196,261
San Antonio ISD,2005,14,2877,2075,183,208,380
San Antonio ISD,2006,17,3839,3096,252,235,520
San Antonio ISD,2007,20,4381,3521,326,329,524
San Antonio ISD,2008,21,4293,3591,390,364,480
San Antonio ISD,2009,21,3865,3354,368,447,421
San Antonio ISD,2010,23,4054,3190,340,399,420
San Antonio ISD,2011,22,4554,3786,382,375,413
San Antonio ISD,2012,21,4723,3904,341,338,416
San Antonio ISD,2013,22,5167,4147,389,370,450
San Antonio ISD,2014,22,4837,4085,413,384,443
San Antonio ISD,2015,28,8094,6114,690,717,598
San Antonio ISD,2016,27,7152,5509,734,883,572
San Antonio ISD,2017,27,7501,5857,994,1224,590
San Antonio ISD,2018,26,8785,6602,1229,1471,718
San Benito Cons ISD,2009,3,392,315,26,26,12
San Benito Cons ISD,2010,3,762,556,72,70,33
San Benito Cons ISD,2011,3,940,673,85,82,51
San Benito Cons ISD,2012,3,1172,842,110,108,65
San Benito Cons ISD,2013,3,1395,1003,135,130,66
San Benito Cons ISD,2014,3,1573,1219,159,149,69
San Benito Cons ISD,2015,3,1503,1175,210,201,66
San Benito Cons ISD,2016,3,1553,1289,257,257,58
San Benito Cons ISD,2017,3,1791,1534,300,300,76
San Benito Cons ISD,2018,3,1812,1517,366,356,68
San Felipe-Del Rio Cons ISD,2000,1,50,0,0,0,0
San Felipe-Del Rio Cons ISD,2001,1,139,0,0,0,7
San Felipe-Del Rio Cons ISD,2002,1,150,90,34,34,28
San Felipe-Del Rio Cons ISD,2003,1,145,84,53,53,22
San Felipe-Del Rio Cons ISD,2004,1,106,73,45,45,13
San Felipe-Del Rio Cons ISD,2005,1,96,41,41,41,18
San Felipe-Del Rio Cons ISD,2006,1,76,45,32,32,14
San Felipe-Del Rio Cons ISD,2007,2,151,104,51,51,29
San Felipe-Del Rio Cons ISD,2008,2,225,149,58,58,34
San Felipe-Del Rio Cons ISD,2009,2,256,140,60,60,32
San Felipe-Del Rio Cons ISD,2010,2,284,184,81,81,32
San Felipe-Del Rio Cons ISD,2011,2,329,183,76,76,31
San Felipe-Del Rio Cons ISD,2012,2,349,224,77,77,30
San Felipe-Del Rio Cons ISD,2013,2,372,252,102,112,30
San Felipe-Del Rio Cons ISD,2014,2,351,222,111,118,23
San Felipe-Del Rio Cons ISD,2015,2,389,251,135,135,16
San Felipe-Del Rio Cons ISD,2016,2,385,257,158,158,18
San Felipe-Del Rio Cons ISD,2017,2,388,280,171,170,20
San Felipe-Del Rio Cons ISD,2018,2,338,228,170,169,13
San Marcos Cons ISD,2002,1,87,1,0,0,8
San Marcos Cons ISD,2003,2,182,124,0,0,36
San Marcos Cons ISD,2004,2,189,131,2,1,55
San Marcos Cons ISD,2005,4,311,238,2,2,197
San Marcos Cons ISD,2006,4,357,169,8,8,210
San Marcos Cons ISD,2007,4,368,185,2,2,192
San Marcos Cons ISD,2008,4,357,275,6,6,173
San Marcos Cons ISD,2009,4,428,335,20,20,212
San Marcos Cons ISD,2010,4,447,385,6,6,175
San Marcos Cons ISD,2011,3,409,342,12,10,139
San Marcos Cons ISD,2012,3,388,344,19,6,127
San Marcos Cons ISD,2013,3,386,345,23,13,119
San Marcos Cons ISD,2014,3,398,339,15,14,120
San Marcos Cons ISD,2015,3,425,356,9,7,133
San Marcos Cons ISD,2016,3,398,328,0,0,127
San Marcos Cons ISD,2017,3,381,327,3,2,121
San Marcos Cons ISD,2018,3,372,321,6,2,125
Schertz-Cibolo-Universal City ISD,2002,2,63,2,0,0,2
Schertz-Cibolo-Universal City ISD,2003,1,102,40,0,0,7
Schertz-Cibolo-Universal City ISD,2011,1,14,10,0,0,2
Schertz-Cibolo-Universal City ISD,2012,1,15,8,0,0,1
Schertz-Cibolo-Universal City ISD,2013,1,94,60,1,1,16
Schertz-Cibolo-Universal City ISD,2014,1,127,67,3,3,21
Schertz-Cibolo-Universal City ISD,2015,1,93,59,2,2,15
Schertz-Cibolo-Universal City ISD,2017,1,329,105,4,4,15
Schertz-Cibolo-Universal City ISD,2018,1,414,102,7,7,24
Seguin ISD,2017,1,93,53,5,0,4
Seguin ISD,2018,1,144,82,6,3,10
Sharyland ISD,2005,1,83,34,25,25,8
Sharyland ISD,2006,1,129,71,58,58,13
Sharyland ISD,2013,2,471,340,150,149,14
Sharyland ISD,2014,2,720,551,284,282,18
Sharyland ISD,2015,2,954,726,361,354,25
Sharyland ISD,2016,2,1199,1000,480,472,45
Sharyland ISD,2017,2,1480,1246,611,631,45
Sharyland ISD,2018,2,1588,1284,677,667,54
Sheldon ISD,2008,1,91,73,0,0,0
Sheldon ISD,2009,1,128,51,0,0,13
Sheldon ISD,2010,1,298,237,0,0,15
Sheldon ISD,2011,1,355,287,0,0,21
Sheldon ISD,2012,1,595,514,0,0,22
Sheldon ISD,2013,1,724,587,35,24,28
Sheldon ISD,2014,1,683,496,27,20,30
Sheldon ISD,2015,2,804,562,21,14,33
Sheldon ISD,2016,2,835,624,27,19,53
Sheldon ISD,2017,1,534,405,11,9,47
Socorro ISD,2004,1,185,142,44,18,9
Socorro ISD,2011,1,115,76,57,56,5
Socorro ISD,2012,1,131,74,42,38,10
Socorro ISD,2013,1,182,99,46,45,7
Socorro ISD,2014,1,255,143,63,55,14
Socorro ISD,2015,1,339,160,86,83,17
Socorro ISD,2016,1,364,180,97,87,27
Socorro ISD,2017,1,352,141,101,93,14
Socorro ISD,2018,1,336,81,90,69,14
South San Antonio ISD,2003,2,272,193,1,1,41
South San Antonio ISD,2004,2,191,164,3,2,68
South San Antonio ISD,2005,2,220,170,19,18,88
South San Antonio ISD,2006,2,417,350,31,31,80
South San Antonio ISD,2007,2,482,395,44,43,70
South San Antonio ISD,2008,2,487,390,45,42,56
South San Antonio ISD,2009,2,481,437,59,60,46
South San Antonio ISD,2010,2,488,436,64,64,60
South San Antonio ISD,2011,2,471,415,77,74,49
South San Antonio ISD,2012,2,510,470,58,54,54
South San Antonio ISD,2013,2,519,487,78,78,57
South San Antonio ISD,2014,1,448,406,39,39,41
South San Antonio ISD,2015,3,523,476,98,98,34
South San Antonio ISD,2016,2,538,472,57,57,41
South San Antonio ISD,2017,2,554,397,64,63,30
South San Antonio ISD,2018,6,1633,1268,143,138,80
Southside ISD,2018,1,54,53,0,0,38
Spring Branch ISD,1997,1,122,0,3,0,38
Spring Branch ISD,1998,1,102,3,4,0,33
Spring Branch ISD,1999,1,126,0,0,0,32
Spring Branch ISD,2000,1,140,0,5,0,38
Spring Branch ISD,2001,1,98,0,0,0,20
Spring Branch ISD,2002,1,60,0,0,0,10
Spring Branch ISD,2003,1,90,0,0,0,12
Spring Branch ISD,2014,1,18,18,0,0,3
Spring Branch ISD,2015,1,21,6,0,0,1
Spring Branch ISD,2016,2,35,1,0,0,3
Spring Branch ISD,2017,2,23,0,0,0,1
Spring ISD,1999,1,161,90,0,0,0
Spring ISD,2000,2,230,155,0,0,41
Spring ISD,2001,2,267,202,0,0,33
Spring ISD,2002,2,338,277,0,0,44
Spring ISD,2003,2,566,509,26,26,36
Spring ISD,2004,3,427,353,0,0,21
Spring ISD,2005,4,633,519,1,1,76
Spring ISD,2006,4,490,383,1,1,60
Spring ISD,2007,4,562,415,1,7,73
Spring ISD,2008,4,560,412,2,2,65
Spring ISD,2009,4,551,438,3,3,53
Spring ISD,2010,3,561,480,1,1,60
Spring ISD,2011,3,501,476,3,3,61
Spring ISD,2012,3,426,363,12,12,49
Spring ISD,2013,4,879,679,13,13,52
Spring ISD,2014,4,1094,755,5,5,56
Spring ISD,2015,4,1060,772,10,10,44
Spring ISD,2016,4,957,733,28,28,35
Spring ISD,2017,5,1086,916,92,85,46
Spring ISD,2018,6,1073,750,79,78,53
Stephenville ISD,2007,1,135,70,2,2,21
Stephenville ISD,2008,1,85,50,0,0,20
Stephenville ISD,2009,1,78,43,0,0,25
Stephenville ISD,2010,1,76,54,0,0,15
Stephenville ISD,2011,1,91,56,1,1,13
Stephenville ISD,2012,1,78,56,1,0,9
Stephenville ISD,2013,1,73,56,0,0,9
Stephenville ISD,2014,1,109,82,0,0,10
Stephenville ISD,2015,1,101,54,0,0,10
Stephenville ISD,2016,1,66,42,3,3,7
Stephenville ISD,2017,1,73,56,3,3,10
Stephenville ISD,2018,1,67,47,3,3,7
Sunnyvale ISD,2011,1,153,100,3,3,13
Sunnyvale ISD,2012,1,190,102,6,6,17
Sunnyvale ISD,2013,2,140,91,17,14,15
Sunnyvale ISD,2014,1,203,94,18,16,20
Sunnyvale ISD,2015,1,228,99,35,34,16
Sunnyvale ISD,2017,1,251,118,32,29,17
Sunnyvale ISD,2018,1,257,129,24,24,21
Taft ISD,2009,1,77,74,0,0,21
Taft ISD,2010,1,82,82,0,0,20
Taft ISD,2011,1,71,69,4,4,15
Taft ISD,2012,1,92,90,5,5,15
Taft ISD,2013,1,95,95,9,9,15
Taft ISD,2014,1,99,99,14,14,15
Taft ISD,2015,1,92,92,8,8,15
Taft ISD,2016,1,93,92,4,4,8
Taft ISD,2017,1,63,63,8,7,4
Taft ISD,2018,1,48,45,6,6,8
Temple ISD,2000,1,43,27,0,0,13
Temple ISD,2001,1,89,47,0,0,23
Temple ISD,2002,1,161,120,0,0,37
Temple ISD,2003,1,100,79,0,0,30
Temple ISD,2004,1,144,101,0,0,26
Temple ISD,2005,1,123,95,0,0,32
Temple ISD,2006,1,106,91,0,0,26
Temple ISD,2007,1,91,75,0,0,15
Temple ISD,2008,1,142,99,3,3,14
Temple ISD,2009,1,180,122,2,2,22
Temple ISD,2010,1,179,138,2,2,26
Temple ISD,2011,1,165,115,2,2,20
Temple ISD,2012,1,267,161,0,0,27
Temple ISD,2013,1,353,215,1,0,34
Temple ISD,2014,1,339,206,1,0,38
Temple ISD,2015,1,303,197,3,3,36
Temple ISD,2016,1,336,207,10,10,35
Temple ISD,2017,1,296,156,9,8,43
Temple ISD,2018,1,357,215,19,18,45
Texarkana ISD,2000,1,56,1,0,0,0
Texarkana ISD,2001,1,121,1,0,0,13
Texarkana ISD,2002,1,59,30,2,2,12
Texarkana ISD,2017,1,49,24,0,0,4
Texarkana ISD,2018,1,60,39,0,0,6
Texas City ISD,1999,1,188,79,0,0,2
Texas City ISD,2000,1,215,114,0,0,6
Texas City ISD,2001,1,259,133,3,0,5
Texas City ISD,2002,1,284,132,0,0,4
Texas City ISD,2004,1,609,327,0,0,6
Texas City ISD,2005,1,589,384,0,0,8
Texas City ISD,2006,1,564,291,3,0,3
Texas City ISD,2007,1,543,321,0,0,4
Texas City ISD,2008,1,495,347,0,0,3
Texas City ISD,2009,1,505,302,0,0,4
Texas City ISD,2010,1,481,327,0,0,2
Texas City ISD,2011,1,438,322,0,0,3
Texas City ISD,2012,1,411,304,0,0,0
Texas City ISD,2013,1,392,265,1,1,5
Texas City ISD,2014,1,412,348,1,1,4
Texas City ISD,2015,1,437,365,1,1,3
Texas City ISD,2016,1,457,406,28,28,9
Texas City ISD,2017,1,507,446,63,63,11
Texas City ISD,2018,1,491,468,61,61,10
Tomball ISD,2000,1,71,37,0,0,7
Tomball ISD,2001,1,57,0,0,0,5
Tomball ISD,2002,1,68,1,0,0,3
Tomball ISD,2003,1,69,16,0,0,4
Tomball ISD,2004,1,83,35,0,0,2
Tomball ISD,2005,1,85,25,0,0,1
Tomball ISD,2006,1,84,54,2,2,1
Tomball ISD,2007,1,125,82,2,10,3
Tomball ISD,2008,2,461,267,9,9,32
Tomball ISD,2009,2,377,198,6,11,27
Tomball ISD,2010,2,390,267,16,14,19
Tomball ISD,2011,2,330,231,9,9,24
Tomball ISD,2012,1,74,56,2,2,1
Tomball ISD,2013,3,257,82,10,10,11
Tomball ISD,2014,2,276,52,24,24,10
Tomball ISD,2015,2,332,79,17,17,5
Tomball ISD,2016,2,373,93,15,15,6
Tomball ISD,2017,2,382,97,19,16,3
Tomball ISD,2018,2,403,133,24,18,6
Trinity ISD,2004,1,78,24,0,0,12
Trinity ISD,2005,1,93,14,0,0,21
Trinity ISD,2006,1,97,50,0,0,17
Trinity ISD,2007,1,122,72,0,0,19
Trinity ISD,2008,1,77,57,1,1,11
Tyler ISD,1999,1,82,9,0,0,25
Tyler ISD,2000,2,128,12,0,0,37
Tyler ISD,2001,2,247,7,0,0,59
Tyler ISD,2002,2,465,54,0,0,102
Tyler ISD,2003,2,412,198,9,9,54
Tyler ISD,2004,2,439,227,37,37,87
Tyler ISD,2005,2,368,217,28,28,61
Tyler ISD,2006,4,530,305,23,23,67
Tyler ISD,2007,4,492,298,18,18,72
Tyler ISD,2008,3,464,285,20,20,48
Tyler ISD,2009,3,375,201,30,30,61
Tyler ISD,2010,3,428,261,56,56,87
Tyler ISD,2011,3,567,298,52,52,74
Tyler ISD,2012,3,652,353,50,50,84
Tyler ISD,2013,4,887,390,64,64,77
Tyler ISD,2014,4,1012,418,69,41,92
Tyler ISD,2015,4,1170,503,98,85,94
Tyler ISD,2016,4,1144,503,104,97,75
Tyler ISD,2017,3,1188,426,109,87,89
Tyler ISD,2018,4,1269,502,100,78,95
United ISD,2000,2,173,56,1,1,12
United ISD,2001,2,271,53,15,0,33
United ISD,2002,2,310,243,128,95,48
United ISD,2003,2,418,310,227,216,73
United ISD,2004,2,445,368,135,135,68
United ISD,2005,2,366,337,81,81,57
United ISD,2006,2,436,382,108,99,76
United ISD,2007,2,456,417,107,103,92
United ISD,2008,2,419,400,87,86,100
United ISD,2009,2,499,484,11,11,128
United ISD,2010,2,515,487,16,16,137
United ISD,2011,3,648,616,159,159,120
United ISD,2012,2,492,481,7,7,92
United ISD,2013,2,455,424,17,17,68
United ISD,2014,2,408,385,24,24,57
United ISD,2015,3,846,675,224,189,56
United ISD,2016,3,916,759,280,252,62
United ISD,2017,3,987,793,352,318,66
United ISD,2018,3,956,774,420,403,66
Uvalde Cons ISD,1999,1,129,83,0,0,0
Uvalde Cons ISD,2000,1,91,76,2,0,18
Uvalde Cons ISD,2001,1,158,139,1,0,15
Uvalde Cons ISD,2002,1,181,147,13,13,12
Uvalde Cons ISD,2003,1,196,155,17,17,14
Uvalde Cons ISD,2004,1,138,110,12,12,17
Uvalde Cons ISD,2005,1,122,103,11,11,15
Uvalde Cons ISD,2006,1,140,120,8,8,17
Uvalde Cons ISD,2007,1,138,111,4,4,9
Uvalde Cons ISD,2008,1,132,123,0,0,11
Uvalde Cons ISD,2009,1,109,102,2,2,9
Uvalde Cons ISD,2010,2,108,96,1,1,11
Uvalde Cons ISD,2011,1,76,66,0,0,11
Uvalde Cons ISD,2012,1,125,115,0,0,10
Van ISD,2004,1,5,5,0,0,3
Van ISD,2005,1,4,4,0,0,2
Van ISD,2006,1,9,9,0,0,1
Van ISD,2007,1,6,6,0,0,0
Van ISD,2008,1,2,2,0,0,0
Van ISD,2009,1,2,2,0,0,0
Van ISD,2010,1,3,3,0,0,0
Victoria ISD,2003,1,63,36,0,0,6
Victoria ISD,2004,1,145,84,0,0,19
Victoria ISD,2005,1,184,134,0,0,13
Victoria ISD,2006,1,110,99,0,0,5
Victoria ISD,2007,1,116,101,0,0,0
Victoria ISD,2008,1,188,158,5,5,14
Victoria ISD,2009,1,227,216,1,1,14
Victoria ISD,2010,1,218,206,1,1,11
Victoria ISD,2011,1,307,283,0,0,21
Waco ISD,1997,1,62,59,0,0,0
Waco ISD,1998,1,145,145,0,0,14
Waco ISD,1999,2,226,211,24,23,16
Waco ISD,2000,3,316,236,44,41,34
Waco ISD,2001,3,415,267,38,38,45
Waco ISD,2002,3,390,351,50,47,46
Waco ISD,2003,3,375,335,64,57,54
Waco ISD,2004,5,532,449,59,59,98
Waco ISD,2005,5,637,479,91,92,114
Waco ISD,2006,5,652,496,109,113,120
Waco ISD,2007,6,688,528,87,81,118
Waco ISD,2008,7,937,754,81,81,109
Waco ISD,2009,7,1166,878,94,94,124
Waco ISD,2010,7,1336,1017,112,112,129
Waco ISD,2011,7,1592,1276,157,142,136
Waco ISD,2012,7,1694,1275,176,173,124
Waco ISD,2013,8,1860,1390,199,198,125
Waco ISD,2014,8,1966,1488,197,193,122
Waco ISD,2015,8,2047,1568,209,204,131
Waco ISD,2016,8,2096,1589,287,284,148
Waco ISD,2017,7,2061,1542,314,310,163
Waco ISD,2018,8,2350,1804,392,388,186
Waller ISD,2004,1,36,36,0,0,15
Waller ISD,2005,1,40,40,0,0,17
Waller ISD,2006,1,29,24,0,0,13
Waxahachie ISD,2000,1,172,94,2,2,11
Waxahachie ISD,2001,1,241,130,0,0,22
Waxahachie ISD,2002,1,291,140,0,0,38
Waxahachie ISD,2003,1,343,167,0,0,54
Waxahachie ISD,2004,2,543,253,12,11,64
Waxahachie ISD,2005,2,943,415,19,18,78
Waxahachie ISD,2006,1,269,166,8,8,33
Waxahachie ISD,2007,1,282,183,9,9,24
Waxahachie ISD,2008,1,250,160,4,4,22
Waxahachie ISD,2009,3,253,154,8,4,25
Waxahachie ISD,2010,3,260,157,6,4,36
Waxahachie ISD,2011,3,207,113,11,9,21
Waxahachie ISD,2012,3,420,283,28,26,22
Waxahachie ISD,2013,3,450,197,49,48,21
Waxahachie ISD,2014,3,414,180,51,49,26
Waxahachie ISD,2015,3,509,432,61,57,26
Waxahachie ISD,2016,5,1616,829,95,93,120
Waxahachie ISD,2017,4,1633,817,88,86,142
Waxahachie ISD,2018,3,1711,933,87,141,172
Weatherford ISD,2007,1,110,56,0,0,13
Weatherford ISD,2008,1,144,60,0,0,16
Weatherford ISD,2009,1,136,63,0,1,18
Weatherford ISD,2010,1,149,74,0,0,20
Weatherford ISD,2011,1,140,69,0,0,21
Weatherford ISD,2012,1,132,65,0,0,9
Weatherford ISD,2013,1,118,56,0,0,7
Weatherford ISD,2014,1,117,57,0,0,12
Weatherford ISD,2015,1,90,41,0,0,7
Weatherford ISD,2016,1,98,47,0,0,9
Weatherford ISD,2017,1,86,47,0,0,8
Weatherford ISD,2018,1,109,59,0,0,10
Weslaco ISD,1999,1,123,123,0,0,0
Weslaco ISD,2000,1,139,129,0,0,7
Weslaco ISD,2001,1,119,117,0,0,3
Weslaco ISD,2002,2,159,140,4,4,7
Weslaco ISD,2003,2,225,221,0,7,13
Weslaco ISD,2004,2,355,336,82,82,32
Weslaco ISD,2005,2,222,204,40,40,17
Weslaco ISD,2006,2,238,218,74,65,5
Weslaco ISD,2007,3,590,417,127,126,19
Weslaco ISD,2008,3,735,488,149,148,16
Weslaco ISD,2009,3,879,611,223,211,22
Weslaco ISD,2010,3,996,680,252,238,27
Weslaco ISD,2011,3,983,719,257,245,35
Weslaco ISD,2012,4,843,714,146,126,41
Weslaco ISD,2013,4,1111,947,188,171,43
Weslaco ISD,2014,4,1389,1170,287,270,52
Weslaco ISD,2015,6,2156,1783,575,567,106
Weslaco ISD,2016,5,2359,2048,682,660,118
Weslaco ISD,2017,5,2876,2506,781,774,141
Weslaco ISD,2018,5,3187,2818,898,859,144
West Orange-Cove Cons ISD,2009,1,9,6,0,0,0
West Orange-Cove Cons ISD,2010,1,51,50,0,0,1
West Orange-Cove Cons ISD,2011,1,74,68,0,0,1
West Orange-Cove Cons ISD,2012,1,100,97,0,0,3
West Orange-Cove Cons ISD,2013,1,117,115,0,0,1
West Orange-Cove Cons ISD,2014,1,83,76,0,0,3
West Orange-Cove Cons ISD,2015,1,77,77,0,0,3
West Orange-Cove Cons ISD,2016,1,66,63,0,0,5
West Orange-Cove Cons ISD,2017,1,90,90,0,0,4
West Orange-Cove Cons ISD,2018,1,97,54,0,0,6
White Settlement ISD,2016,1,457,117,1,3,40
White Settlement ISD,2017,1,804,215,14,9,72
White Settlement ISD,2018,1,945,271,31,26,101
Whitehouse ISD,2014,1,265,142,8,8,6
Whitehouse ISD,2015,1,310,149,10,10,8
Whitehouse ISD,2016,2,480,227,14,14,26
Whitehouse ISD,2017,2,705,321,33,31,49
Whitehouse ISD,2018,2,1012,398,64,54,69
Wichita Falls ISD,1999,1,67,3,0,0,0
Wichita Falls ISD,2000,1,67,0,0,0,0
Wichita Falls ISD,2001,1,69,35,0,0,0
Wichita Falls ISD,2002,1,81,37,0,0,3
Wichita Falls ISD,2003,1,159,63,0,0,10
Wichita Falls ISD,2004,1,173,87,0,0,14
Wichita Falls ISD,2005,1,156,64,0,0,9
Wichita Falls ISD,2006,1,168,78,0,0,10
Wichita Falls ISD,2007,1,173,71,0,0,9
Wichita Falls ISD,2008,1,161,71,0,0,6
Wichita Falls ISD,2009,1,166,79,0,0,4
Wichita Falls ISD,2010,1,197,54,0,0,9
Wichita Falls ISD,2011,1,187,55,0,0,6
Wichita Falls ISD,2012,1,192,96,0,0,14
Wichita Falls ISD,2013,1,168,85,0,0,18
Wichita Falls ISD,2014,1,159,97,0,0,16
Wichita Falls ISD,2015,1,115,60,0,0,13
Willis ISD,2009,1,145,40,0,0,3
Willis ISD,2010,1,153,46,0,0,8
Willis ISD,2011,1,314,147,0,0,17
Willis ISD,2012,1,332,107,0,0,21
Willis ISD,2013,1,145,54,0,0,15
Willis ISD,2014,1,158,79,0,0,13
Willis ISD,2015,1,147,54,0,0,9
Willis ISD,2016,1,144,44,0,0,15
Willis ISD,2017,1,157,67,7,7,13
Willis ISD,2018,1,161,84,8,8,17
Wimberley ISD,2003,1,119,38,0,0,25
Wimberley ISD,2004,1,125,49,0,0,21
Wimberley ISD,2005,1,115,39,0,0,26
Wimberley ISD,2006,1,99,40,0,0,18
Wimberley ISD,2007,1,124,38,0,0,21
Wimberley ISD,2008,1,122,31,0,0,16
Wimberley ISD,2009,1,121,34,0,0,10
Wimberley ISD,2010,1,124,56,0,0,14
Wimberley ISD,2011,1,139,71,0,0,13
Wimberley ISD,2012,1,146,74,0,0,12
Wimberley ISD,2013,1,137,64,0,0,14
Wimberley ISD,2014,1,150,79,0,0,17
Wimberley ISD,2015,1,146,74,0,0,14
Wimberley ISD,2016,1,164,67,0,0,16
Wimberley ISD,2017,1,159,73,0,0,17
Wimberley ISD,2018,1,157,63,0,0,14
Ysleta ISD,2001,1,185,150,50,0,6
Ysleta ISD,2002,3,433,252,90,78,19
Ysleta ISD,2003,4,913,685,302,134,56
Ysleta ISD,2004,2,871,518,246,129,56
Ysleta ISD,2005,3,825,726,231,173,63
Ysleta ISD,2006,3,693,588,143,159,40
Ysleta ISD,2007,5,1241,960,244,199,70
Ysleta ISD,2008,5,1339,1149,186,147,61
Ysleta ISD,2009,5,1393,1052,294,290,62
Ysleta ISD,2010,5,1560,1183,280,249,77
Ysleta ISD,2011,3,1125,837,114,92,50
Ysleta ISD,2012,3,1158,890,117,99,47
Ysleta ISD,2013,3,1353,1033,172,132,54
Ysleta ISD,2014,3,1369,1065,229,184,62
Ysleta ISD,2015,3,1410,1045,248,222,77
Ysleta ISD,2016,4,1412,1093,286,254,92
Ysleta ISD,2017,5,1891,1394,437,394,129
Ysleta ISD,2018,5,1992,1316,467,434,158
