"NAME","year","CountOfCAMPNAME","SumOfCPETALLC","SumOfCPETCOPNUM"
,2008,1,41.00,41.00
,2009,1,24.00,24.00
,2010,1,25.00,24.00
,2011,1,34.00,34.00
,2012,1,43.00,43.00
,2013,1,42.00,42.00
,2014,1,42.00,42.00
"Abilene ISD",2000,1,49.00,0.00
"Abilene ISD",2001,1,116.00,0.00
"Abilene ISD",2002,1,124.00,27.00
"Abilene ISD",2003,1,166.00,33.00
"Abilene ISD",2004,1,193.00,71.00
"Abilene ISD",2005,1,216.00,65.00
"Abilene ISD",2006,1,206.00,119.00
"Abilene ISD",2007,1,135.00,69.00
"Abilene ISD",2008,1,164.00,107.00
"Abilene ISD",2009,1,210.00,149.00
"Abilene ISD",2010,1,159.00,98.00
"Abilene ISD",2011,1,154.00,120.00
"Abilene ISD",2012,1,158.00,135.00
"Abilene ISD",2013,1,159.00,120.00
"Abilene ISD",2014,1,149.00,100.00
"Abilene ISD",2015,1,174.00,92.00
"Abilene ISD",2016,2,453.00,249.00
"Abilene ISD",2017,2,552.00,333.00
"Abilene ISD",2018,2,589.00,359.00
"Alamo Heights ISD",1999,1,57.00,51.00
"Alamo Heights ISD",2000,1,177.00,58.00
"Alamo Heights ISD",2001,1,231.00,60.00
"Alamo Heights ISD",2002,1,220.00,61.00
"Alamo Heights ISD",2003,2,289.00,123.00
"Alamo Heights ISD",2004,1,248.00,132.00
"Alamo Heights ISD",2005,2,379.00,129.00
"Alamo Heights ISD",2006,2,394.00,243.00
"Alamo Heights ISD",2007,2,404.00,237.00
"Alamo Heights ISD",2008,2,398.00,211.00
"Alamo Heights ISD",2009,2,369.00,228.00
"Alamo Heights ISD",2010,2,321.00,181.00
"Alamo Heights ISD",2011,2,318.00,204.00
"Alamo Heights ISD",2012,3,287.00,196.00
"Alamo Heights ISD",2013,3,289.00,198.00
"Alamo Heights ISD",2014,3,292.00,196.00
"Alamo Heights ISD",2015,4,780.00,225.00
"Alamo Heights ISD",2016,4,941.00,285.00
"Alamo Heights ISD",2017,3,858.00,191.00
"Alamo Heights ISD",2018,3,904.00,202.00
"Aldine ISD",2004,2,205.00,180.00
"Aldine ISD",2005,2,370.00,207.00
"Aldine ISD",2006,2,436.00,387.00
"Aldine ISD",2007,2,595.00,534.00
"Aldine ISD",2008,2,750.00,630.00
"Aldine ISD",2009,2,823.00,705.00
"Aldine ISD",2010,3,1323.00,1083.00
"Aldine ISD",2011,4,1790.00,1344.00
"Aldine ISD",2012,5,2274.00,1687.00
"Aldine ISD",2013,5,2405.00,1806.00
"Aldine ISD",2014,6,2665.00,1933.00
"Aldine ISD",2015,6,2725.00,1926.00
"Aldine ISD",2016,6,2848.00,2132.00
"Aldine ISD",2017,8,3816.00,2831.00
"Aldine ISD",2018,10,4739.00,3068.00
"Alief ISD",1999,2,398.00,303.00
"Alief ISD",2000,2,383.00,305.00
"Alief ISD",2001,2,415.00,334.00
"Alief ISD",2002,2,473.00,372.00
"Alief ISD",2003,2,500.00,371.00
"Alief ISD",2004,2,505.00,393.00
"Alief ISD",2005,3,1458.00,1330.00
"Alief ISD",2006,4,1817.00,1689.00
"Alief ISD",2007,6,2401.00,2113.00
"Alief ISD",2008,7,2943.00,2681.00
"Alief ISD",2009,8,2840.00,2497.00
"Alief ISD",2010,9,3858.00,3517.00
"Alief ISD",2011,9,4088.00,3705.00
"Alief ISD",2012,9,4184.00,3766.00
"Alief ISD",2013,9,4286.00,3721.00
"Alief ISD",2014,10,4562.00,3967.00
"Alief ISD",2015,11,5535.00,4568.00
"Alief ISD",2016,11,5706.00,4746.00
"Alief ISD",2017,14,7161.00,5706.00
"Alief ISD",2018,14,7470.00,5599.00
"Amarillo ISD",2002,1,102.00,0.00
"Amarillo ISD",2003,1,124.00,62.00
"Amarillo ISD",2004,1,126.00,73.00
"Amarillo ISD",2005,1,125.00,57.00
"Amarillo ISD",2006,1,137.00,72.00
"Amarillo ISD",2007,1,173.00,87.00
"Amarillo ISD",2008,2,308.00,158.00
"Amarillo ISD",2009,2,336.00,184.00
"Amarillo ISD",2010,2,372.00,190.00
"Amarillo ISD",2011,2,417.00,245.00
"Amarillo ISD",2012,2,437.00,243.00
"Amarillo ISD",2013,2,445.00,179.00
"Amarillo ISD",2014,2,504.00,202.00
"Amarillo ISD",2015,3,631.00,212.00
"Amarillo ISD",2016,3,734.00,298.00
"Amarillo ISD",2017,2,339.00,225.00
"Amarillo ISD",2018,2,407.00,266.00
"Arlington ISD",2000,2,350.00,11.00
"Arlington ISD",2001,2,380.00,63.00
"Arlington ISD",2002,3,687.00,36.00
"Arlington ISD",2003,3,706.00,112.00
"Arlington ISD",2004,3,754.00,282.00
"Arlington ISD",2005,3,853.00,287.00
"Arlington ISD",2006,3,831.00,285.00
"Arlington ISD",2007,3,1086.00,529.00
"Arlington ISD",2008,4,863.00,306.00
"Arlington ISD",2009,7,1394.00,666.00
"Arlington ISD",2010,7,1571.00,829.00
"Arlington ISD",2011,7,1634.00,867.00
"Arlington ISD",2012,9,2297.00,927.00
"Arlington ISD",2013,10,2998.00,1413.00
"Arlington ISD",2014,12,4800.00,2422.00
"Arlington ISD",2015,15,6171.00,3200.00
"Arlington ISD",2016,15,6700.00,3579.00
"Arlington ISD",2017,16,8075.00,4439.00
"Arlington ISD",2018,17,8268.00,4704.00
"Aubrey ISD",2009,1,132.00,1.00
"Aubrey ISD",2010,1,139.00,2.00
"Aubrey ISD",2011,1,114.00,1.00
"Aubrey ISD",2012,1,124.00,4.00
"Aubrey ISD",2013,1,145.00,10.00
"Aubrey ISD",2014,1,177.00,41.00
"Austin ISD",1997,1,93.00,75.00
"Austin ISD",1998,1,155.00,110.00
"Austin ISD",1999,3,473.00,223.00
"Austin ISD",2000,5,583.00,221.00
"Austin ISD",2001,5,515.00,179.00
"Austin ISD",2002,7,665.00,272.00
"Austin ISD",2003,10,1079.00,557.00
"Austin ISD",2004,12,1436.00,757.00
"Austin ISD",2005,12,1635.00,979.00
"Austin ISD",2006,12,1845.00,971.00
"Austin ISD",2007,14,2294.00,1341.00
"Austin ISD",2008,14,2548.00,1387.00
"Austin ISD",2009,16,2743.00,1639.00
"Austin ISD",2010,19,3663.00,2253.00
"Austin ISD",2011,19,3962.00,2503.00
"Austin ISD",2012,18,4199.00,2667.00
"Austin ISD",2013,22,5736.00,3943.00
"Austin ISD",2014,29,8002.00,5744.00
"Austin ISD",2015,32,9854.00,7258.00
"Austin ISD",2016,38,12145.00,9253.00
"Austin ISD",2017,42,13837.00,10349.00
"Austin ISD",2018,43,14831.00,10848.00
"Bastrop ISD",2000,1,42.00,36.00
"Bastrop ISD",2001,1,41.00,32.00
"Bastrop ISD",2002,1,88.00,74.00
"Bastrop ISD",2003,1,57.00,0.00
"Bastrop ISD",2004,1,70.00,53.00
"Bastrop ISD",2005,1,37.00,28.00
"Bastrop ISD",2006,1,43.00,35.00
"Bastrop ISD",2007,1,51.00,41.00
"Bastrop ISD",2008,1,33.00,29.00
"Bastrop ISD",2009,1,22.00,21.00
"Bastrop ISD",2010,1,27.00,27.00
"Beaumont ISD",2002,2,246.00,49.00
"Beaumont ISD",2003,2,361.00,202.00
"Beaumont ISD",2004,2,312.00,225.00
"Beaumont ISD",2005,2,423.00,328.00
"Beaumont ISD",2006,2,458.00,339.00
"Beaumont ISD",2007,3,533.00,426.00
"Beaumont ISD",2008,4,743.00,508.00
"Beaumont ISD",2009,4,857.00,551.00
"Beaumont ISD",2010,4,1000.00,570.00
"Beaumont ISD",2011,3,895.00,513.00
"Beaumont ISD",2012,3,882.00,511.00
"Beaumont ISD",2013,4,983.00,554.00
"Beaumont ISD",2014,5,1111.00,715.00
"Beaumont ISD",2015,5,1258.00,746.00
"Beaumont ISD",2016,5,1378.00,815.00
"Beaumont ISD",2017,4,1252.00,721.00
"Beaumont ISD",2018,4,1284.00,789.00
"Beeville ISD",2002,1,190.00,101.00
"Beeville ISD",2003,1,208.00,115.00
"Beeville ISD",2004,1,196.00,151.00
"Beeville ISD",2005,1,223.00,179.00
"Beeville ISD",2006,1,224.00,171.00
"Beeville ISD",2007,1,283.00,203.00
"Beeville ISD",2008,1,299.00,232.00
"Beeville ISD",2009,1,319.00,248.00
"Beeville ISD",2010,1,333.00,259.00
"Beeville ISD",2011,1,361.00,274.00
"Beeville ISD",2012,1,396.00,302.00
"Beeville ISD",2013,1,431.00,333.00
"Beeville ISD",2014,1,434.00,333.00
"Beeville ISD",2015,1,450.00,323.00
"Beeville ISD",2016,1,442.00,350.00
"Beeville ISD",2017,1,443.00,355.00
"Beeville ISD",2018,1,457.00,390.00
"Belton ISD",2009,1,63.00,63.00
"Belton ISD",2010,1,79.00,67.00
"Belton ISD",2011,1,79.00,57.00
"Belton ISD",2012,1,65.00,62.00
"Belton ISD",2014,1,160.00,67.00
"Belton ISD",2017,2,39.00,9.00
"Belton ISD",2018,2,115.00,58.00
"Big Sandy ISD (Upshur)",2015,1,40.00,40.00
"Big Sandy ISD (Upshur)",2016,1,14.00,14.00
"Big Sandy ISD (Upshur)",2017,1,15.00,15.00
"Big Sandy ISD (Upshur)",2018,1,22.00,22.00
"Birdville ISD",2007,1,272.00,111.00
"Birdville ISD",2008,1,307.00,130.00
"Birdville ISD",2009,1,395.00,191.00
"Birdville ISD",2010,1,440.00,213.00
"Birdville ISD",2011,1,345.00,193.00
"Birdville ISD",2012,1,305.00,213.00
"Birdville ISD",2013,1,349.00,187.00
"Birdville ISD",2014,1,340.00,139.00
"Birdville ISD",2015,1,262.00,127.00
"Birdville ISD",2016,1,236.00,134.00
"Birdville ISD",2017,3,1543.00,788.00
"Birdville ISD",2018,3,1611.00,941.00
"Boerne ISD",2009,1,30.00,28.00
"Boerne ISD",2010,1,60.00,53.00
"Boerne ISD",2011,1,48.00,43.00
"Boerne ISD",2012,1,57.00,47.00
"Boerne ISD",2013,1,70.00,65.00
"Boerne ISD",2014,1,97.00,86.00
"Boerne ISD",2015,1,100.00,91.00
"Boerne ISD",2016,1,101.00,88.00
"Boerne ISD",2017,1,86.00,75.00
"Boerne ISD",2018,1,83.00,74.00
"Brazos ISD",2009,1,33.00,30.00
"Brazos ISD",2010,1,25.00,22.00
"Brooks County ISD",1999,1,61.00,53.00
"Brooks County ISD",2000,1,70.00,64.00
"Brooks County ISD",2001,1,69.00,64.00
"Brooks County ISD",2002,1,67.00,63.00
"Brooks County ISD",2003,1,62.00,45.00
"Brooks County ISD",2004,1,52.00,44.00
"Brooks County ISD",2005,1,57.00,45.00
"Brooks County ISD",2006,1,70.00,47.00
"Brooks County ISD",2007,1,73.00,58.00
"Brooks County ISD",2008,1,61.00,46.00
"Brooks County ISD",2009,1,49.00,34.00
"Brooks County ISD",2010,1,40.00,29.00
"Brooks County ISD",2011,1,32.00,26.00
"Brownsville ISD",2003,1,94.00,90.00
"Brownsville ISD",2004,1,206.00,189.00
"Brownsville ISD",2005,2,408.00,402.00
"Brownsville ISD",2006,2,438.00,433.00
"Brownsville ISD",2007,4,764.00,676.00
"Brownsville ISD",2008,5,1174.00,1010.00
"Brownsville ISD",2009,6,1807.00,1531.00
"Brownsville ISD",2010,6,2167.00,1857.00
"Brownsville ISD",2011,6,2339.00,1976.00
"Brownsville ISD",2012,7,2869.00,2463.00
"Brownsville ISD",2013,9,3647.00,2850.00
"Brownsville ISD",2014,9,3969.00,3401.00
"Brownsville ISD",2015,9,4929.00,4024.00
"Brownsville ISD",2016,10,5551.00,4595.00
"Brownsville ISD",2017,11,5962.00,5036.00
"Brownsville ISD",2018,13,6955.00,5959.00
"Brownwood ISD",2008,1,32.00,21.00
"Brownwood ISD",2009,1,70.00,39.00
"Brownwood ISD",2010,1,63.00,41.00
"Bryan ISD",2011,1,288.00,165.00
"Bryan ISD",2012,2,402.00,282.00
"Bryan ISD",2013,2,502.00,348.00
"Bryan ISD",2014,2,546.00,388.00
"Bryan ISD",2015,3,701.00,510.00
"Bryan ISD",2016,3,602.00,484.00
"Bryan ISD",2017,3,601.00,494.00
"Bryan ISD",2018,3,629.00,518.00
"Canyon ISD",2017,1,409.00,108.00
"Canyon ISD",2018,1,481.00,136.00
"Carrollton-Farmers Branch ISD",2001,1,334.00,35.00
"Carrollton-Farmers Branch ISD",2002,1,227.00,40.00
"Carrollton-Farmers Branch ISD",2003,1,195.00,30.00
"Carrollton-Farmers Branch ISD",2004,2,450.00,215.00
"Carrollton-Farmers Branch ISD",2005,2,498.00,284.00
"Carrollton-Farmers Branch ISD",2006,2,406.00,243.00
"Carrollton-Farmers Branch ISD",2007,2,398.00,283.00
"Carrollton-Farmers Branch ISD",2008,2,477.00,315.00
"Carrollton-Farmers Branch ISD",2009,3,442.00,303.00
"Carrollton-Farmers Branch ISD",2010,4,991.00,560.00
"Carrollton-Farmers Branch ISD",2011,4,1033.00,501.00
"Carrollton-Farmers Branch ISD",2012,4,1173.00,590.00
"Carrollton-Farmers Branch ISD",2013,5,1464.00,642.00
"Carrollton-Farmers Branch ISD",2014,5,1567.00,668.00
"Carrollton-Farmers Branch ISD",2015,5,2424.00,608.00
"Carrollton-Farmers Branch ISD",2016,6,2941.00,794.00
"Carrollton-Farmers Branch ISD",2017,5,3180.00,939.00
"Carrollton-Farmers Branch ISD",2018,5,3220.00,994.00
"Carthage ISD",2001,1,90.00,64.00
"Carthage ISD",2002,1,74.00,53.00
"Carthage ISD",2003,1,75.00,48.00
"Carthage ISD",2004,1,98.00,49.00
"Carthage ISD",2005,1,164.00,79.00
"Carthage ISD",2006,1,167.00,80.00
"Carthage ISD",2007,1,144.00,84.00
"Carthage ISD",2008,1,150.00,51.00
"Carthage ISD",2009,1,130.00,44.00
"Carthage ISD",2010,1,74.00,31.00
"Carthage ISD",2011,2,90.00,27.00
"Carthage ISD",2012,2,90.00,28.00
"Carthage ISD",2013,2,78.00,21.00
"Carthage ISD",2014,2,71.00,32.00
"Carthage ISD",2015,2,65.00,28.00
"Carthage ISD",2016,2,60.00,29.00
"Carthage ISD",2017,2,38.00,13.00
"Carthage ISD",2018,2,65.00,34.00
"Castleberry ISD",2002,1,139.00,93.00
"Castleberry ISD",2003,1,199.00,149.00
"Castleberry ISD",2004,1,274.00,198.00
"Castleberry ISD",2005,1,278.00,196.00
"Castleberry ISD",2006,1,270.00,176.00
"Castleberry ISD",2007,1,266.00,214.00
"Castleberry ISD",2008,1,362.00,269.00
"Castleberry ISD",2009,1,258.00,187.00
"Castleberry ISD",2010,1,268.00,227.00
"Castleberry ISD",2011,1,216.00,176.00
"Castleberry ISD",2012,1,233.00,207.00
"Castleberry ISD",2013,1,244.00,215.00
"Castleberry ISD",2014,1,229.00,205.00
"Castleberry ISD",2015,1,240.00,216.00
"Castleberry ISD",2016,1,230.00,217.00
"Cedar Hill ISD",2011,1,248.00,111.00
"Cedar Hill ISD",2012,1,367.00,191.00
"Cedar Hill ISD",2013,1,473.00,236.00
"Cedar Hill ISD",2014,2,1206.00,457.00
"Cedar Hill ISD",2015,2,1352.00,522.00
"Cedar Hill ISD",2016,3,1693.00,656.00
"Cedar Hill ISD",2017,4,2454.00,1106.00
"Cedar Hill ISD",2018,4,2641.00,1249.00
"Channelview ISD",2016,1,79.00,79.00
"Channelview ISD",2017,1,119.00,109.00
"Channelview ISD",2018,1,66.00,46.00
"Chapel Hill ISD (Smith)",2002,1,71.00,68.00
"Chapel Hill ISD (Smith)",2003,1,81.00,81.00
"Chapel Hill ISD (Smith)",2004,1,88.00,88.00
"Chapel Hill ISD (Smith)",2005,1,91.00,91.00
"Chapel Hill ISD (Smith)",2006,1,91.00,91.00
"Chapel Hill ISD (Smith)",2007,1,87.00,87.00
"Chapel Hill ISD (Smith)",2008,1,92.00,90.00
"Chapel Hill ISD (Smith)",2009,1,98.00,98.00
"Chapel Hill ISD (Smith)",2010,1,114.00,114.00
"Chapel Hill ISD (Smith)",2011,1,96.00,96.00
"Chapel Hill ISD (Smith)",2012,1,91.00,89.00
"Chapel Hill ISD (Smith)",2013,2,250.00,127.00
"Chapel Hill ISD (Smith)",2014,2,331.00,145.00
"Chapel Hill ISD (Smith)",2015,3,349.00,142.00
"Chapel Hill ISD (Smith)",2016,3,340.00,141.00
"Chapel Hill ISD (Smith)",2017,3,382.00,171.00
"Chapel Hill ISD (Smith)",2018,3,387.00,144.00
"Clear Creek ISD",1999,1,147.00,22.00
"Clear Creek ISD",2000,2,265.00,140.00
"Clear Creek ISD",2001,3,316.00,133.00
"Clear Creek ISD",2002,3,348.00,103.00
"Clear Creek ISD",2003,3,355.00,185.00
"Clear Creek ISD",2004,3,385.00,188.00
"Clear Creek ISD",2005,4,415.00,210.00
"Clear Creek ISD",2006,4,476.00,257.00
"Clear Creek ISD",2007,4,405.00,220.00
"Clear Creek ISD",2008,4,451.00,252.00
"Clear Creek ISD",2009,4,464.00,258.00
"Clear Creek ISD",2010,4,487.00,249.00
"Clear Creek ISD",2011,4,506.00,263.00
"Clear Creek ISD",2012,4,476.00,231.00
"Clear Creek ISD",2013,4,445.00,207.00
"Clear Creek ISD",2014,4,494.00,226.00
"Clear Creek ISD",2015,4,493.00,219.00
"Clear Creek ISD",2016,2,403.00,202.00
"Clear Creek ISD",2017,2,372.00,203.00
"Clear Creek ISD",2018,2,356.00,215.00
"Cleburne ISD",2017,1,63.00,8.00
"Cleburne ISD",2018,1,91.00,22.00
"College Station ISD",2000,1,70.00,0.00
"College Station ISD",2001,1,86.00,44.00
"College Station ISD",2002,1,146.00,98.00
"College Station ISD",2003,1,129.00,91.00
"College Station ISD",2004,1,88.00,68.00
"College Station ISD",2005,1,119.00,92.00
"College Station ISD",2006,1,95.00,79.00
"College Station ISD",2007,1,86.00,58.00
"College Station ISD",2008,1,89.00,75.00
"College Station ISD",2009,1,83.00,71.00
"College Station ISD",2010,1,77.00,72.00
"College Station ISD",2011,1,99.00,92.00
"College Station ISD",2012,1,91.00,80.00
"College Station ISD",2013,1,126.00,109.00
"College Station ISD",2014,1,151.00,127.00
"Columbia-Brazoria ISD",2008,1,133.00,33.00
"Columbia-Brazoria ISD",2009,1,175.00,68.00
"Columbia-Brazoria ISD",2010,1,186.00,96.00
"Columbia-Brazoria ISD",2011,1,134.00,59.00
"Columbia-Brazoria ISD",2012,1,139.00,82.00
"Columbia-Brazoria ISD",2013,1,129.00,74.00
"Columbia-Brazoria ISD",2014,1,123.00,67.00
"Columbia-Brazoria ISD",2015,1,149.00,78.00
"Columbia-Brazoria ISD",2016,1,122.00,65.00
"Comal ISD",2005,1,59.00,59.00
"Comal ISD",2006,1,59.00,59.00
"Comal ISD",2007,1,57.00,57.00
"Comal ISD",2008,1,54.00,54.00
"Comal ISD",2009,1,60.00,60.00
"Comal ISD",2010,1,58.00,58.00
"Comal ISD",2011,1,74.00,43.00
"Comal ISD",2012,1,80.00,80.00
"Comal ISD",2013,1,78.00,78.00
"Comal ISD",2014,1,79.00,79.00
"Comal ISD",2015,1,75.00,75.00
"Comal ISD",2016,1,58.00,58.00
"Comal ISD",2017,1,45.00,45.00
"Comal ISD",2018,1,58.00,58.00
"Comanche ISD",2008,1,51.00,27.00
"Comanche ISD",2009,1,51.00,33.00
"Comanche ISD",2010,1,64.00,47.00
"Conroe ISD",2013,1,271.00,44.00
"Conroe ISD",2014,2,457.00,51.00
"Conroe ISD",2015,2,548.00,79.00
"Conroe ISD",2016,2,611.00,79.00
"Conroe ISD",2017,2,634.00,124.00
"Conroe ISD",2018,2,622.00,205.00
"Coppell ISD",2008,1,69.00,16.00
"Coppell ISD",2009,1,62.00,13.00
"Coppell ISD",2010,2,355.00,117.00
"Coppell ISD",2011,2,321.00,143.00
"Coppell ISD",2012,2,611.00,231.00
"Coppell ISD",2013,2,709.00,252.00
"Coppell ISD",2014,2,775.00,267.00
"Coppell ISD",2015,2,858.00,288.00
"Coppell ISD",2016,2,925.00,301.00
"Coppell ISD",2017,4,1081.00,363.00
"Coppell ISD",2018,4,1079.00,405.00
"Copperas Cove ISD",2014,1,107.00,49.00
"Copperas Cove ISD",2015,1,142.00,81.00
"Copperas Cove ISD",2016,1,155.00,66.00
"Copperas Cove ISD",2017,1,197.00,92.00
"Copperas Cove ISD",2018,1,296.00,204.00
"Corpus Christi ISD",1997,1,148.00,147.00
"Corpus Christi ISD",1998,1,182.00,28.00
"Corpus Christi ISD",1999,1,184.00,137.00
"Corpus Christi ISD",2000,3,338.00,179.00
"Corpus Christi ISD",2001,3,347.00,169.00
"Corpus Christi ISD",2002,3,450.00,274.00
"Corpus Christi ISD",2003,3,518.00,383.00
"Corpus Christi ISD",2004,3,556.00,320.00
"Corpus Christi ISD",2005,4,512.00,326.00
"Corpus Christi ISD",2006,4,581.00,342.00
"Corpus Christi ISD",2007,6,645.00,389.00
"Corpus Christi ISD",2008,6,616.00,361.00
"Corpus Christi ISD",2009,6,728.00,472.00
"Corpus Christi ISD",2010,7,852.00,555.00
"Corpus Christi ISD",2011,6,767.00,459.00
"Corpus Christi ISD",2012,6,712.00,380.00
"Corpus Christi ISD",2013,7,1160.00,662.00
"Corpus Christi ISD",2014,7,1212.00,703.00
"Corpus Christi ISD",2015,9,1545.00,993.00
"Corpus Christi ISD",2016,9,1749.00,1097.00
"Corpus Christi ISD",2017,8,1803.00,1145.00
"Corpus Christi ISD",2018,7,1824.00,1385.00
"Corsicana ISD",2004,1,66.00,65.00
"Corsicana ISD",2005,1,141.00,141.00
"Corsicana ISD",2006,1,113.00,111.00
"Corsicana ISD",2007,1,89.00,89.00
"Corsicana ISD",2008,1,121.00,120.00
"Corsicana ISD",2009,1,102.00,102.00
"Corsicana ISD",2010,1,62.00,62.00
"Corsicana ISD",2011,1,106.00,106.00
"Corsicana ISD",2012,1,119.00,115.00
"Corsicana ISD",2013,1,84.00,79.00
"Corsicana ISD",2014,1,94.00,90.00
"Corsicana ISD",2015,1,104.00,102.00
"Corsicana ISD",2016,1,74.00,74.00
"Corsicana ISD",2017,1,80.00,80.00
"Corsicana ISD",2018,1,71.00,69.00
"Crockett ISD",2013,1,133.00,51.00
"Crockett ISD",2014,1,168.00,76.00
"Crockett ISD",2015,1,181.00,54.00
"Crockett ISD",2016,1,198.00,83.00
"Crockett ISD",2017,1,181.00,90.00
"Crockett ISD",2018,1,182.00,78.00
"Crowley ISD",2013,1,420.00,166.00
"Crowley ISD",2014,1,481.00,206.00
"Crowley ISD",2015,2,1263.00,443.00
"Crowley ISD",2016,2,1214.00,440.00
"Crowley ISD",2017,2,1220.00,414.00
"Crowley ISD",2018,2,1213.00,387.00
"Cypress-Fairbanks ISD",2005,1,110.00,108.00
"Cypress-Fairbanks ISD",2006,1,145.00,140.00
"Cypress-Fairbanks ISD",2007,1,137.00,135.00
"Cypress-Fairbanks ISD",2008,1,148.00,138.00
"Cypress-Fairbanks ISD",2009,1,133.00,130.00
"Cypress-Fairbanks ISD",2010,1,147.00,145.00
"Cypress-Fairbanks ISD",2011,2,533.00,306.00
"Cypress-Fairbanks ISD",2012,2,645.00,327.00
"Cypress-Fairbanks ISD",2013,2,884.00,433.00
"Cypress-Fairbanks ISD",2014,2,907.00,467.00
"Cypress-Fairbanks ISD",2015,3,1803.00,731.00
"Cypress-Fairbanks ISD",2016,3,1620.00,680.00
"Cypress-Fairbanks ISD",2017,4,2369.00,1276.00
"Cypress-Fairbanks ISD",2018,4,2442.00,1447.00
"Dallas ISD",1997,1,221.00,0.00
"Dallas ISD",1998,2,671.00,336.00
"Dallas ISD",1999,5,1301.00,444.00
"Dallas ISD",2000,14,3612.00,2284.00
"Dallas ISD",2001,16,5310.00,3310.00
"Dallas ISD",2002,17,6109.00,4307.00
"Dallas ISD",2003,17,7672.00,5320.00
"Dallas ISD",2004,18,8633.00,6663.00
"Dallas ISD",2005,22,9002.00,6980.00
"Dallas ISD",2006,23,9826.00,7937.00
"Dallas ISD",2007,26,10948.00,8931.00
"Dallas ISD",2008,29,11578.00,9520.00
"Dallas ISD",2009,44,13618.00,11446.00
"Dallas ISD",2010,47,15249.00,12969.00
"Dallas ISD",2011,49,16741.00,14368.00
"Dallas ISD",2012,53,19152.00,16842.00
"Dallas ISD",2013,54,20688.00,18132.00
"Dallas ISD",2014,58,23873.00,20641.00
"Dallas ISD",2015,60,28321.00,25121.00
"Dallas ISD",2016,62,31747.00,27811.00
"Dallas ISD",2017,62,33201.00,28829.00
"Dallas ISD",2018,66,34201.00,29814.00
"Dayton ISD",2013,1,88.00,41.00
"Dayton ISD",2014,1,68.00,35.00
"Dayton ISD",2015,1,75.00,25.00
"Dayton ISD",2016,1,89.00,32.00
"Dayton ISD",2017,1,72.00,35.00
"Dayton ISD",2018,1,73.00,39.00
"Del Valle ISD",2002,1,16.00,11.00
"Del Valle ISD",2003,1,17.00,17.00
"Del Valle ISD",2004,1,19.00,19.00
"Del Valle ISD",2005,1,13.00,13.00
"Del Valle ISD",2006,1,13.00,8.00
"Del Valle ISD",2007,1,27.00,7.00
"Del Valle ISD",2008,1,13.00,9.00
"Del Valle ISD",2009,1,9.00,9.00
"Del Valle ISD",2010,1,17.00,14.00
"Del Valle ISD",2011,1,4.00,2.00
"Del Valle ISD",2012,1,28.00,15.00
"Del Valle ISD",2013,1,52.00,42.00
"Del Valle ISD",2014,1,74.00,61.00
"Del Valle ISD",2017,2,1299.00,1224.00
"Del Valle ISD",2018,2,1360.00,1239.00
"Denton ISD",2005,1,58.00,58.00
"Denton ISD",2006,1,57.00,56.00
"Denton ISD",2007,1,57.00,57.00
"Denton ISD",2008,3,332.00,128.00
"Denton ISD",2009,3,505.00,232.00
"Denton ISD",2010,4,542.00,276.00
"Denton ISD",2011,4,489.00,265.00
"Denton ISD",2012,3,396.00,199.00
"Denton ISD",2013,2,314.00,161.00
"Denton ISD",2014,2,263.00,154.00
"Denton ISD",2015,3,238.00,99.00
"Denton ISD",2016,3,464.00,277.00
"Denton ISD",2017,2,283.00,127.00
"Denton ISD",2018,2,329.00,188.00
"DeSoto ISD",2013,1,150.00,99.00
"DeSoto ISD",2014,1,129.00,100.00
"Donna ISD",2007,1,231.00,171.00
"Donna ISD",2008,2,1338.00,1069.00
"Donna ISD",2009,2,1344.00,1115.00
"Donna ISD",2010,2,1427.00,1222.00
"Donna ISD",2011,4,1746.00,1513.00
"Donna ISD",2012,4,2177.00,1939.00
"Donna ISD",2013,4,2399.00,2199.00
"Donna ISD",2014,5,2998.00,2766.00
"Donna ISD",2015,4,2611.00,2356.00
"Donna ISD",2016,4,2846.00,2642.00
"Donna ISD",2017,5,3791.00,3557.00
"Donna ISD",2018,5,3975.00,3719.00
"Dripping Springs ISD",2001,1,21.00,0.00
"Dripping Springs ISD",2002,1,23.00,23.00
"Dripping Springs ISD",2003,1,21.00,21.00
"Dripping Springs ISD",2004,1,23.00,23.00
"Dripping Springs ISD",2005,1,21.00,21.00
"Dripping Springs ISD",2006,1,22.00,22.00
"Dripping Springs ISD",2007,1,17.00,0.00
"Dripping Springs ISD",2008,1,18.00,18.00
"Dripping Springs ISD",2009,1,18.00,18.00
"Dripping Springs ISD",2010,1,17.00,17.00
"Dripping Springs ISD",2011,1,17.00,17.00
"Dripping Springs ISD",2012,1,19.00,19.00
"Dripping Springs ISD",2013,1,19.00,19.00
"Dripping Springs ISD",2014,1,16.00,16.00
"Dripping Springs ISD",2015,1,18.00,18.00
"Dripping Springs ISD",2016,1,17.00,17.00
"Dripping Springs ISD",2017,1,20.00,20.00
"Dripping Springs ISD",2018,1,20.00,20.00
"Dublin ISD",2001,1,50.00,40.00
"Dublin ISD",2002,1,56.00,36.00
"Dublin ISD",2003,1,59.00,31.00
"Dublin ISD",2004,1,66.00,36.00
"Dublin ISD",2005,1,70.00,37.00
"Dublin ISD",2006,1,69.00,41.00
"Dublin ISD",2007,1,75.00,50.00
"Dublin ISD",2008,1,80.00,28.00
"Dublin ISD",2009,1,66.00,33.00
"Dublin ISD",2010,1,67.00,46.00
"Dublin ISD",2011,1,191.00,130.00
"Dublin ISD",2012,1,170.00,105.00
"Dublin ISD",2013,1,147.00,94.00
"Dublin ISD",2014,1,83.00,53.00
"Dublin ISD",2015,1,115.00,65.00
"Dublin ISD",2016,1,138.00,91.00
"Dublin ISD",2017,1,105.00,89.00
"Dublin ISD",2018,1,86.00,74.00
"Duncanville ISD",2000,1,117.00,1.00
"Duncanville ISD",2001,1,195.00,1.00
"Duncanville ISD",2002,2,553.00,318.00
"Duncanville ISD",2003,2,575.00,367.00
"Duncanville ISD",2004,2,895.00,474.00
"Duncanville ISD",2005,2,834.00,513.00
"Duncanville ISD",2006,2,1136.00,807.00
"Duncanville ISD",2007,2,1593.00,1038.00
"Duncanville ISD",2008,2,1773.00,1090.00
"Duncanville ISD",2009,2,1908.00,1235.00
"Duncanville ISD",2010,2,2059.00,1384.00
"Duncanville ISD",2011,4,2904.00,1778.00
"Duncanville ISD",2012,5,3693.00,2444.00
"Duncanville ISD",2013,6,4425.00,2902.00
"Duncanville ISD",2014,6,4110.00,2790.00
"Duncanville ISD",2015,4,1624.00,836.00
"Duncanville ISD",2016,4,1811.00,1025.00
"Duncanville ISD",2017,5,2078.00,1096.00
"Duncanville ISD",2018,4,2052.00,871.00
"Eagle Mountain-Saginaw ISD",2018,2,1251.00,635.00
"East Central ISD",2015,1,1371.00,956.00
"East Central ISD",2016,1,1358.00,883.00
"East Central ISD",2017,2,2658.00,1873.00
"East Central ISD",2018,2,2850.00,2004.00
"Ector County ISD",2004,1,137.00,66.00
"Ector County ISD",2005,1,208.00,88.00
"Ector County ISD",2006,1,168.00,120.00
"Ector County ISD",2007,1,157.00,109.00
"Ector County ISD",2008,1,145.00,77.00
"Ector County ISD",2009,1,190.00,131.00
"Ector County ISD",2010,1,190.00,152.00
"Ector County ISD",2011,2,426.00,268.00
"Ector County ISD",2012,3,820.00,380.00
"Ector County ISD",2013,3,999.00,476.00
"Ector County ISD",2014,3,1215.00,528.00
"Ector County ISD",2015,4,1718.00,708.00
"Ector County ISD",2016,4,1888.00,666.00
"Ector County ISD",2017,4,2325.00,790.00
"Ector County ISD",2018,4,2611.00,712.00
"Edgewood ISD (Bexar)",2004,1,17.00,0.00
"Edgewood ISD (Bexar)",2005,1,17.00,0.00
"Edgewood ISD (Bexar)",2006,1,15.00,0.00
"Edgewood ISD (Bexar)",2007,1,23.00,0.00
"Edgewood ISD (Bexar)",2008,1,121.00,93.00
"Edgewood ISD (Bexar)",2009,1,93.00,79.00
"Edgewood ISD (Bexar)",2010,1,70.00,67.00
"Edgewood ISD (Bexar)",2011,1,72.00,72.00
"Edgewood ISD (Bexar)",2012,1,84.00,80.00
"Edgewood ISD (Bexar)",2013,1,66.00,61.00
"Edgewood ISD (Bexar)",2014,1,65.00,57.00
"Edgewood ISD (Bexar)",2015,2,442.00,370.00
"Edgewood ISD (Bexar)",2016,2,693.00,626.00
"Edgewood ISD (Bexar)",2017,4,2054.00,1812.00
"Edgewood ISD (Bexar)",2018,4,2291.00,2006.00
"Edinburg Cons ISD",2002,1,83.00,80.00
"Edinburg Cons ISD",2003,1,278.00,278.00
"Edinburg Cons ISD",2004,1,269.00,227.00
"Edinburg Cons ISD",2005,1,166.00,146.00
"Edinburg Cons ISD",2006,1,160.00,156.00
"Edinburg Cons ISD",2007,1,156.00,149.00
"Edinburg Cons ISD",2008,2,583.00,403.00
"Edinburg Cons ISD",2009,2,755.00,508.00
"Edinburg Cons ISD",2010,2,783.00,536.00
"Edinburg Cons ISD",2011,2,811.00,557.00
"Edinburg Cons ISD",2012,4,1409.00,1013.00
"Edinburg Cons ISD",2013,5,1833.00,1433.00
"Edinburg Cons ISD",2014,5,2125.00,1657.00
"Edinburg Cons ISD",2015,6,3051.00,2492.00
"Edinburg Cons ISD",2016,6,3094.00,2574.00
"Edinburg Cons ISD",2017,8,4019.00,3377.00
"Edinburg Cons ISD",2018,10,4727.00,4038.00
"El Paso ISD",1999,1,92.00,22.00
"El Paso ISD",2000,2,263.00,90.00
"El Paso ISD",2001,2,366.00,152.00
"El Paso ISD",2002,2,378.00,164.00
"El Paso ISD",2003,2,420.00,162.00
"El Paso ISD",2004,2,431.00,186.00
"El Paso ISD",2005,3,643.00,335.00
"El Paso ISD",2006,3,665.00,385.00
"El Paso ISD",2007,4,834.00,468.00
"El Paso ISD",2008,5,1053.00,608.00
"El Paso ISD",2009,6,1222.00,759.00
"El Paso ISD",2010,7,1900.00,1267.00
"El Paso ISD",2011,8,2259.00,1459.00
"El Paso ISD",2012,8,2221.00,1432.00
"El Paso ISD",2013,8,2474.00,1642.00
"El Paso ISD",2014,8,2712.00,1782.00
"El Paso ISD",2015,8,2644.00,1738.00
"El Paso ISD",2016,8,2817.00,1839.00
"El Paso ISD",2017,8,2909.00,1900.00
"El Paso ISD",2018,8,2787.00,1660.00
"Elgin ISD",2013,1,118.00,57.00
"Elgin ISD",2014,1,182.00,69.00
"Elgin ISD",2015,1,125.00,32.00
"Elgin ISD",2016,1,101.00,24.00
"Flour Bluff ISD",1997,1,60.00,0.00
"Flour Bluff ISD",1998,1,109.00,0.00
"Flour Bluff ISD",1999,1,171.00,0.00
"Flour Bluff ISD",2000,1,156.00,0.00
"Flour Bluff ISD",2001,1,147.00,44.00
"Flour Bluff ISD",2002,1,139.00,42.00
"Flour Bluff ISD",2003,1,129.00,25.00
"Flour Bluff ISD",2004,1,173.00,15.00
"Flour Bluff ISD",2005,1,193.00,34.00
"Flour Bluff ISD",2006,1,204.00,32.00
"Flour Bluff ISD",2007,1,229.00,47.00
"Flour Bluff ISD",2008,2,271.00,26.00
"Flour Bluff ISD",2009,2,319.00,12.00
"Flour Bluff ISD",2010,2,345.00,4.00
"Flour Bluff ISD",2011,2,371.00,6.00
"Flour Bluff ISD",2012,2,412.00,10.00
"Flour Bluff ISD",2013,2,433.00,9.00
"Flour Bluff ISD",2014,2,461.00,6.00
"Flour Bluff ISD",2015,2,470.00,6.00
"Flour Bluff ISD",2016,2,476.00,4.00
"Flour Bluff ISD",2017,2,489.00,5.00
"Flour Bluff ISD",2018,2,488.00,9.00
"Fort Bend ISD",2009,2,351.00,157.00
"Fort Bend ISD",2010,2,629.00,338.00
"Fort Bend ISD",2011,2,655.00,326.00
"Fort Bend ISD",2012,4,1379.00,703.00
"Fort Bend ISD",2013,4,1718.00,913.00
"Fort Bend ISD",2014,4,1659.00,905.00
"Fort Bend ISD",2015,4,1714.00,876.00
"Fort Bend ISD",2016,5,2008.00,1107.00
"Fort Bend ISD",2017,5,2324.00,1323.00
"Fort Bend ISD",2018,6,2956.00,1954.00
"Fort Worth ISD",2000,1,39.00,0.00
"Fort Worth ISD",2001,2,258.00,125.00
"Fort Worth ISD",2002,3,639.00,212.00
"Fort Worth ISD",2003,3,648.00,322.00
"Fort Worth ISD",2004,5,1203.00,648.00
"Fort Worth ISD",2005,6,1474.00,876.00
"Fort Worth ISD",2006,6,1400.00,764.00
"Fort Worth ISD",2007,9,2100.00,1079.00
"Fort Worth ISD",2008,11,2362.00,1195.00
"Fort Worth ISD",2009,12,2663.00,1367.00
"Fort Worth ISD",2010,12,3061.00,1658.00
"Fort Worth ISD",2011,12,3109.00,1606.00
"Fort Worth ISD",2012,11,3153.00,1723.00
"Fort Worth ISD",2013,14,4214.00,2561.00
"Fort Worth ISD",2014,14,4555.00,2849.00
"Fort Worth ISD",2015,11,3975.00,2710.00
"Fort Worth ISD",2016,10,4130.00,2704.00
"Fort Worth ISD",2017,15,5222.00,3534.00
"Fort Worth ISD",2018,17,6573.00,4745.00
"Frenship ISD",2012,1,139.00,64.00
"Frenship ISD",2013,1,114.00,69.00
"Frenship ISD",2014,1,96.00,50.00
"Frenship ISD",2015,1,130.00,70.00
"Frenship ISD",2016,1,134.00,68.00
"Frenship ISD",2017,1,114.00,66.00
"Frenship ISD",2018,1,116.00,68.00
"Frisco ISD",2012,1,250.00,20.00
"Frisco ISD",2013,1,350.00,16.00
"Frisco ISD",2014,1,425.00,17.00
"Frisco ISD",2015,1,520.00,27.00
"Frisco ISD",2016,1,595.00,20.00
"Frisco ISD",2017,2,876.00,33.00
"Frisco ISD",2018,2,1099.00,36.00
"Galveston ISD",2000,1,173.00,103.00
"Galveston ISD",2001,1,179.00,95.00
"Galveston ISD",2002,1,204.00,120.00
"Galveston ISD",2003,1,131.00,83.00
"Galveston ISD",2004,1,185.00,119.00
"Galveston ISD",2005,1,244.00,181.00
"Galveston ISD",2006,1,267.00,184.00
"Galveston ISD",2007,1,314.00,242.00
"Galveston ISD",2008,2,474.00,394.00
"Galveston ISD",2009,2,417.00,346.00
"Galveston ISD",2010,2,687.00,569.00
"Galveston ISD",2011,2,888.00,655.00
"Galveston ISD",2012,2,899.00,738.00
"Galveston ISD",2013,2,1008.00,895.00
"Galveston ISD",2014,2,1028.00,891.00
"Galveston ISD",2015,2,1063.00,887.00
"Galveston ISD",2016,2,1077.00,887.00
"Galveston ISD",2017,2,1124.00,916.00
"Galveston ISD",2018,2,1186.00,970.00
"Garland ISD",2002,2,201.00,66.00
"Garland ISD",2003,2,230.00,91.00
"Garland ISD",2004,2,299.00,79.00
"Garland ISD",2005,2,306.00,118.00
"Garland ISD",2006,2,322.00,143.00
"Garland ISD",2007,2,352.00,114.00
"Garland ISD",2008,2,307.00,170.00
"Garland ISD",2009,3,343.00,233.00
"Garland ISD",2010,3,481.00,231.00
"Garland ISD",2011,4,949.00,422.00
"Garland ISD",2012,4,1145.00,603.00
"Garland ISD",2013,5,1345.00,683.00
"Garland ISD",2014,8,2843.00,1484.00
"Garland ISD",2015,9,3519.00,1879.00
"Garland ISD",2016,9,4069.00,2294.00
"Garland ISD",2017,9,4005.00,2198.00
"Garland ISD",2018,8,4000.00,2268.00
"Georgetown ISD",2010,2,85.00,0.00
"Georgetown ISD",2011,2,287.00,33.00
"Georgetown ISD",2012,2,708.00,145.00
"Georgetown ISD",2013,3,981.00,236.00
"Georgetown ISD",2014,3,1220.00,270.00
"Georgetown ISD",2015,3,1312.00,253.00
"Georgetown ISD",2016,4,1448.00,169.00
"Georgetown ISD",2017,4,1391.00,147.00
"Georgetown ISD",2018,5,1765.00,199.00
"Glen Rose ISD",2001,1,57.00,31.00
"Glen Rose ISD",2002,1,81.00,41.00
"Glen Rose ISD",2003,1,114.00,60.00
"Glen Rose ISD",2004,1,125.00,61.00
"Glen Rose ISD",2005,1,137.00,70.00
"Glen Rose ISD",2006,1,137.00,73.00
"Glen Rose ISD",2007,1,135.00,69.00
"Glen Rose ISD",2008,1,138.00,70.00
"Glen Rose ISD",2009,1,137.00,72.00
"Glen Rose ISD",2010,1,157.00,95.00
"Glen Rose ISD",2011,1,130.00,86.00
"Glen Rose ISD",2012,1,194.00,125.00
"Glen Rose ISD",2013,1,226.00,127.00
"Glen Rose ISD",2014,1,206.00,123.00
"Glen Rose ISD",2015,1,238.00,138.00
"Glen Rose ISD",2016,1,246.00,123.00
"Glen Rose ISD",2017,1,228.00,128.00
"Glen Rose ISD",2018,1,236.00,153.00
"Goldthwaite Cons ISD",2009,1,58.00,58.00
"Goldthwaite Cons ISD",2010,1,55.00,55.00
"Goldthwaite Cons ISD",2011,1,52.00,52.00
"Goldthwaite Cons ISD",2012,1,57.00,57.00
"Goldthwaite Cons ISD",2013,1,48.00,48.00
"Goldthwaite Cons ISD",2014,1,46.00,46.00
"Goldthwaite Cons ISD",2015,1,52.00,52.00
"Goldthwaite Cons ISD",2016,1,54.00,54.00
"Goldthwaite Cons ISD",2017,1,64.00,64.00
"Goldthwaite Cons ISD",2018,1,66.00,66.00
"Gonzales ISD",2016,1,18.00,17.00
"Gonzales ISD",2017,1,26.00,26.00
"Gonzales ISD",2018,1,31.00,31.00
"Granbury ISD",2009,1,50.00,50.00
"Granbury ISD",2010,1,68.00,68.00
"Granbury ISD",2011,2,220.00,151.00
"Granbury ISD",2012,2,187.00,128.00
"Granbury ISD",2013,2,231.00,165.00
"Granbury ISD",2014,2,187.00,131.00
"Granbury ISD",2015,2,229.00,171.00
"Granbury ISD",2016,2,199.00,106.00
"Granbury ISD",2017,2,200.00,92.00
"Granbury ISD",2018,2,177.00,123.00
"Grand Prairie ISD",2009,1,341.00,181.00
"Grand Prairie ISD",2010,1,516.00,313.00
"Grand Prairie ISD",2011,1,524.00,318.00
"Grand Prairie ISD",2012,1,540.00,346.00
"Grand Prairie ISD",2013,2,570.00,388.00
"Grand Prairie ISD",2014,2,618.00,395.00
"Grand Prairie ISD",2015,4,2543.00,1855.00
"Grand Prairie ISD",2016,4,2897.00,2153.00
"Grand Prairie ISD",2017,5,3097.00,2297.00
"Grand Prairie ISD",2018,6,3268.00,2499.00
"Grapevine-Colleyville ISD",2003,1,138.00,25.00
"Grapevine-Colleyville ISD",2004,1,290.00,46.00
"Grapevine-Colleyville ISD",2005,1,265.00,65.00
"Grapevine-Colleyville ISD",2006,1,303.00,94.00
"Grapevine-Colleyville ISD",2007,1,291.00,74.00
"Grapevine-Colleyville ISD",2008,1,278.00,76.00
"Grapevine-Colleyville ISD",2009,1,274.00,70.00
"Grapevine-Colleyville ISD",2010,1,233.00,67.00
"Grapevine-Colleyville ISD",2011,1,187.00,72.00
"Grapevine-Colleyville ISD",2012,1,127.00,33.00
"Grapevine-Colleyville ISD",2013,2,178.00,108.00
"Grapevine-Colleyville ISD",2014,2,298.00,198.00
"Greenville ISD",2002,1,195.00,44.00
"Greenville ISD",2003,1,233.00,98.00
"Greenville ISD",2004,1,255.00,115.00
"Greenville ISD",2005,1,271.00,110.00
"Greenville ISD",2006,1,302.00,171.00
"Greenville ISD",2007,1,401.00,228.00
"Greenville ISD",2008,1,444.00,257.00
"Greenville ISD",2009,1,479.00,305.00
"Greenville ISD",2010,1,448.00,286.00
"Greenville ISD",2011,1,546.00,364.00
"Greenville ISD",2012,1,537.00,385.00
"Greenville ISD",2013,1,602.00,415.00
"Greenville ISD",2014,1,658.00,460.00
"Greenville ISD",2015,1,717.00,543.00
"Greenville ISD",2017,1,25.00,9.00
"Greenville ISD",2018,1,83.00,41.00
"Harlandale ISD",2002,2,240.00,119.00
"Harlandale ISD",2003,2,511.00,365.00
"Harlandale ISD",2004,3,802.00,596.00
"Harlandale ISD",2005,3,839.00,567.00
"Harlandale ISD",2006,3,793.00,614.00
"Harlandale ISD",2007,3,858.00,678.00
"Harlandale ISD",2008,4,957.00,731.00
"Harlandale ISD",2009,4,1051.00,894.00
"Harlandale ISD",2010,4,1095.00,936.00
"Harlandale ISD",2011,4,1135.00,949.00
"Harlandale ISD",2012,4,1436.00,1106.00
"Harlandale ISD",2013,4,1516.00,1139.00
"Harlandale ISD",2014,5,1539.00,1271.00
"Harlandale ISD",2015,3,941.00,740.00
"Harlandale ISD",2016,3,1200.00,986.00
"Harlandale ISD",2017,2,1165.00,917.00
"Harlandale ISD",2018,2,1469.00,1164.00
"Harlingen Cons ISD",2009,1,78.00,67.00
"Harlingen Cons ISD",2010,1,66.00,66.00
"Harlingen Cons ISD",2011,1,80.00,80.00
"Harlingen Cons ISD",2012,2,179.00,161.00
"Harlingen Cons ISD",2013,2,355.00,319.00
"Harlingen Cons ISD",2014,2,400.00,351.00
"Harlingen Cons ISD",2015,2,424.00,293.00
"Harlingen Cons ISD",2016,2,500.00,383.00
"Harlingen Cons ISD",2017,2,552.00,352.00
"Harlingen Cons ISD",2018,2,612.00,399.00
"Hays Cons ISD",2008,1,15.00,1.00
"Hays Cons ISD",2009,1,14.00,0.00
"Hays Cons ISD",2010,1,19.00,0.00
"Hays Cons ISD",2011,1,16.00,0.00
"Hays Cons ISD",2012,1,23.00,2.00
"Hays Cons ISD",2013,1,22.00,2.00
"Hays Cons ISD",2014,1,24.00,1.00
"Hays Cons ISD",2015,1,22.00,0.00
"Hays Cons ISD",2016,1,24.00,0.00
"Hays Cons ISD",2017,1,25.00,1.00
"Hays Cons ISD",2018,1,17.00,0.00
"Hempstead ISD",2006,1,23.00,10.00
"Hempstead ISD",2007,1,61.00,9.00
"Hempstead ISD",2008,1,104.00,10.00
"Hempstead ISD",2009,1,69.00,15.00
"Hempstead ISD",2010,1,48.00,2.00
"Hempstead ISD",2011,1,53.00,0.00
"Hempstead ISD",2012,1,48.00,0.00
"Hidalgo ISD",2011,2,316.00,293.00
"Hidalgo ISD",2012,2,482.00,459.00
"Hidalgo ISD",2013,2,718.00,678.00
"Hidalgo ISD",2014,2,921.00,879.00
"Hidalgo ISD",2015,2,1282.00,1216.00
"Hidalgo ISD",2016,2,1502.00,1473.00
"Hidalgo ISD",2017,2,1612.00,1565.00
"Hidalgo ISD",2018,2,1640.00,1523.00
"Hitchcock ISD",2006,1,423.00,178.00
"Hitchcock ISD",2007,1,427.00,235.00
"Hitchcock ISD",2008,1,373.00,206.00
"Hitchcock ISD",2009,1,295.00,141.00
"Hitchcock ISD",2010,1,315.00,211.00
"Hitchcock ISD",2011,1,247.00,174.00
"Hitchcock ISD",2012,1,356.00,244.00
"Hitchcock ISD",2013,2,373.00,275.00
"Hitchcock ISD",2014,1,418.00,323.00
"Hitchcock ISD",2015,1,510.00,417.00
"Hitchcock ISD",2016,1,459.00,379.00
"Houston ISD",1997,3,766.00,488.00
"Houston ISD",1998,4,911.00,608.00
"Houston ISD",1999,8,2849.00,1879.00
"Houston ISD",2000,19,4286.00,2748.00
"Houston ISD",2001,20,5987.00,3506.00
"Houston ISD",2002,27,7988.00,5379.00
"Houston ISD",2003,31,9156.00,6816.00
"Houston ISD",2004,33,10308.00,7310.00
"Houston ISD",2005,38,11132.00,8964.00
"Houston ISD",2006,41,12374.00,10582.00
"Houston ISD",2007,50,14320.00,11767.00
"Houston ISD",2008,56,15591.00,13408.00
"Houston ISD",2009,62,18854.00,14717.00
"Houston ISD",2010,68,22066.00,17709.00
"Houston ISD",2011,75,25121.00,19710.00
"Houston ISD",2012,83,26990.00,23448.00
"Houston ISD",2013,85,30349.00,26052.00
"Houston ISD",2014,88,33057.00,29401.00
"Houston ISD",2015,86,34295.00,30779.00
"Houston ISD",2016,81,35231.00,31373.00
"Houston ISD",2017,81,35303.00,31712.00
"Houston ISD",2018,80,35405.00,29317.00
"Humble ISD",2014,1,152.00,100.00
"Humble ISD",2015,2,473.00,304.00
"Humble ISD",2016,1,298.00,157.00
"Humble ISD",2017,2,806.00,575.00
"Humble ISD",2018,2,846.00,589.00
"Huntsville ISD",2007,1,204.00,95.00
"Huntsville ISD",2008,1,301.00,142.00
"Huntsville ISD",2009,1,300.00,140.00
"Huntsville ISD",2010,2,243.00,177.00
"Huntsville ISD",2011,2,477.00,312.00
"Huntsville ISD",2012,2,497.00,305.00
"Huntsville ISD",2013,2,328.00,229.00
"Huntsville ISD",2014,2,312.00,206.00
"Huntsville ISD",2015,2,335.00,204.00
"Huntsville ISD",2016,2,341.00,212.00
"Huntsville ISD",2017,2,378.00,251.00
"Huntsville ISD",2018,2,381.00,234.00
"Hurst-Euless-Bedford ISD",1999,1,145.00,0.00
"Hurst-Euless-Bedford ISD",2000,1,221.00,7.00
"Hurst-Euless-Bedford ISD",2001,1,234.00,4.00
"Hurst-Euless-Bedford ISD",2002,1,273.00,3.00
"Hurst-Euless-Bedford ISD",2003,1,307.00,2.00
"Hurst-Euless-Bedford ISD",2004,1,301.00,5.00
"Hurst-Euless-Bedford ISD",2005,1,272.00,17.00
"Hurst-Euless-Bedford ISD",2006,1,231.00,13.00
"Hurst-Euless-Bedford ISD",2007,1,226.00,18.00
"Hurst-Euless-Bedford ISD",2008,1,262.00,16.00
"Hurst-Euless-Bedford ISD",2009,1,341.00,57.00
"Hurst-Euless-Bedford ISD",2010,2,771.00,250.00
"Hurst-Euless-Bedford ISD",2011,2,904.00,313.00
"Hurst-Euless-Bedford ISD",2012,2,935.00,356.00
"Hurst-Euless-Bedford ISD",2013,2,1423.00,631.00
"Hurst-Euless-Bedford ISD",2014,2,980.00,374.00
"Hurst-Euless-Bedford ISD",2015,3,1600.00,696.00
"Hurst-Euless-Bedford ISD",2016,3,1663.00,738.00
"Hurst-Euless-Bedford ISD",2017,3,1728.00,773.00
"Hurst-Euless-Bedford ISD",2018,3,1680.00,757.00
"Ingram ISD",2003,1,22.00,22.00
"Ingram ISD",2004,1,16.00,16.00
"Ingram ISD",2005,1,26.00,26.00
"Ingram ISD",2006,2,47.00,46.00
"Ingram ISD",2007,2,80.00,79.00
"Ingram ISD",2008,2,96.00,95.00
"Ingram ISD",2009,2,105.00,102.00
"Ingram ISD",2010,2,93.00,92.00
"Ingram ISD",2011,2,114.00,112.00
"Ingram ISD",2012,2,143.00,140.00
"Ingram ISD",2013,2,114.00,112.00
"Ingram ISD",2014,2,146.00,141.00
"Ingram ISD",2015,2,115.00,94.00
"Ingram ISD",2016,2,113.00,105.00
"Ingram ISD",2017,2,106.00,100.00
"Ingram ISD",2018,2,133.00,127.00
"Irving ISD",1998,1,218.00,5.00
"Irving ISD",1999,2,436.00,25.00
"Irving ISD",2000,2,791.00,182.00
"Irving ISD",2001,3,1838.00,433.00
"Irving ISD",2002,3,1854.00,490.00
"Irving ISD",2003,3,1883.00,509.00
"Irving ISD",2004,3,2000.00,634.00
"Irving ISD",2005,3,1978.00,701.00
"Irving ISD",2006,3,2075.00,807.00
"Irving ISD",2007,3,2366.00,874.00
"Irving ISD",2008,4,2443.00,889.00
"Irving ISD",2009,5,2554.00,976.00
"Irving ISD",2010,5,2433.00,872.00
"Irving ISD",2011,5,2454.00,940.00
"Irving ISD",2012,7,2689.00,1061.00
"Irving ISD",2013,8,3063.00,1353.00
"Irving ISD",2014,8,3189.00,1405.00
"Irving ISD",2015,8,3469.00,1715.00
"Irving ISD",2016,9,4247.00,1930.00
"Irving ISD",2017,10,4376.00,1904.00
"Irving ISD",2018,10,4628.00,2107.00
"Jarrell ISD",2002,1,3.00,0.00
"Jarrell ISD",2003,1,8.00,8.00
"Jarrell ISD",2004,1,4.00,4.00
"Jarrell ISD",2005,1,11.00,11.00
"Jarrell ISD",2006,1,10.00,7.00
"Jarrell ISD",2007,1,5.00,0.00
"Jarrell ISD",2008,1,9.00,0.00
"Jarrell ISD",2009,1,7.00,0.00
"Jarrell ISD",2010,1,6.00,0.00
"Jarrell ISD",2011,1,13.00,2.00
"Jarrell ISD",2012,1,17.00,5.00
"Jarrell ISD",2013,1,13.00,2.00
"Jarrell ISD",2014,1,12.00,2.00
"Jarrell ISD",2015,1,11.00,4.00
"Jarrell ISD",2016,1,11.00,4.00
"Jarrell ISD",2017,1,11.00,3.00
"Jarrell ISD",2018,1,8.00,4.00
"Jasper ISD",2010,1,154.00,42.00
"Jasper ISD",2011,1,212.00,116.00
"Jasper ISD",2012,1,272.00,83.00
"Jasper ISD",2013,1,210.00,59.00
"Jasper ISD",2014,1,186.00,101.00
"Jasper ISD",2015,1,201.00,95.00
"Jasper ISD",2016,1,207.00,96.00
"Jasper ISD",2017,1,186.00,99.00
"Jasper ISD",2018,1,145.00,73.00
"Judson ISD",2008,1,4.00,2.00
"Judson ISD",2009,1,32.00,26.00
"Judson ISD",2010,1,83.00,66.00
"Judson ISD",2011,1,87.00,68.00
"Judson ISD",2012,1,79.00,65.00
"Judson ISD",2013,1,54.00,42.00
"Judson ISD",2014,1,139.00,121.00
"Judson ISD",2015,1,97.00,85.00
"Katy ISD",1997,1,122.00,0.00
"Katy ISD",1998,1,102.00,3.00
"Katy ISD",1999,1,126.00,0.00
"Katy ISD",2000,4,218.00,25.00
"Katy ISD",2001,4,431.00,167.00
"Katy ISD",2002,3,344.00,158.00
"Katy ISD",2003,5,405.00,168.00
"Katy ISD",2004,5,395.00,177.00
"Katy ISD",2005,6,447.00,261.00
"Katy ISD",2006,6,406.00,285.00
"Katy ISD",2007,6,609.00,441.00
"Katy ISD",2008,6,821.00,368.00
"Katy ISD",2009,6,843.00,278.00
"Katy ISD",2010,6,930.00,430.00
"Katy ISD",2011,6,925.00,441.00
"Katy ISD",2012,7,1326.00,548.00
"Katy ISD",2013,7,1648.00,726.00
"Katy ISD",2014,7,1949.00,862.00
"Katy ISD",2015,7,1832.00,694.00
"Katy ISD",2016,8,2635.00,1089.00
"Katy ISD",2017,11,4215.00,1694.00
"Katy ISD",2018,11,4456.00,2052.00
"Kaufman ISD",2001,1,116.00,27.00
"Kaufman ISD",2002,1,86.00,29.00
"Kaufman ISD",2003,1,77.00,24.00
"Kaufman ISD",2004,1,132.00,0.00
"Kaufman ISD",2005,1,83.00,43.00
"Kaufman ISD",2006,1,93.00,53.00
"Kaufman ISD",2007,1,144.00,71.00
"Kaufman ISD",2008,1,210.00,72.00
"Kaufman ISD",2009,1,222.00,127.00
"Kaufman ISD",2010,1,215.00,160.00
"Kaufman ISD",2011,1,185.00,144.00
"Kaufman ISD",2012,1,132.00,107.00
"Kaufman ISD",2013,1,30.00,24.00
"Kaufman ISD",2014,1,41.00,29.00
"Killeen ISD",1999,1,109.00,0.00
"Killeen ISD",2000,2,211.00,0.00
"Killeen ISD",2001,3,338.00,38.00
"Killeen ISD",2002,3,455.00,169.00
"Killeen ISD",2003,3,570.00,131.00
"Killeen ISD",2004,3,572.00,243.00
"Killeen ISD",2005,3,491.00,273.00
"Killeen ISD",2006,3,336.00,181.00
"Killeen ISD",2007,3,344.00,217.00
"Killeen ISD",2008,3,310.00,187.00
"Killeen ISD",2009,3,381.00,257.00
"Killeen ISD",2010,3,354.00,241.00
"Killeen ISD",2011,3,327.00,229.00
"Killeen ISD",2012,3,388.00,270.00
"Killeen ISD",2013,3,348.00,246.00
"Killeen ISD",2014,3,349.00,253.00
"Killeen ISD",2015,3,358.00,210.00
"Killeen ISD",2016,2,442.00,290.00
"Killeen ISD",2017,1,212.00,171.00
"Killeen ISD",2018,2,292.00,211.00
"Kingsville ISD",2012,1,162.00,102.00
"Kingsville ISD",2013,1,238.00,158.00
"Kingsville ISD",2014,1,346.00,231.00
"Kingsville ISD",2015,1,284.00,200.00
"Kingsville ISD",2016,1,283.00,188.00
"Kingsville ISD",2017,1,230.00,157.00
"Kingsville ISD",2018,1,255.00,194.00
"Klein ISD",2008,1,242.00,33.00
"Klein ISD",2009,1,482.00,117.00
"Klein ISD",2010,1,633.00,225.00
"Klein ISD",2011,1,665.00,316.00
"Klein ISD",2012,1,636.00,255.00
"Klein ISD",2013,1,706.00,308.00
"Klein ISD",2014,1,666.00,278.00
"Klein ISD",2015,2,780.00,380.00
"Klein ISD",2016,2,878.00,408.00
"Klein ISD",2017,1,254.00,96.00
"Klein ISD",2018,1,289.00,171.00
"La Joya ISD",2009,2,304.00,252.00
"La Joya ISD",2010,2,640.00,522.00
"La Joya ISD",2011,2,812.00,695.00
"La Joya ISD",2012,3,1243.00,1088.00
"La Joya ISD",2013,3,1467.00,1318.00
"La Joya ISD",2014,3,1637.00,1489.00
"La Joya ISD",2015,3,1679.00,1532.00
"La Joya ISD",2016,3,1654.00,1539.00
"La Joya ISD",2017,3,1787.00,1656.00
"La Joya ISD",2018,3,1840.00,1749.00
"La Porte ISD",2009,1,29.00,29.00
"La Porte ISD",2010,1,28.00,28.00
"La Porte ISD",2015,1,392.00,392.00
"La Porte ISD",2016,1,356.00,356.00
"La Porte ISD",2017,1,366.00,366.00
"La Porte ISD",2018,1,379.00,379.00
"Lake Dallas ISD",2008,1,110.00,8.00
"Lake Dallas ISD",2009,1,169.00,15.00
"Lake Dallas ISD",2010,1,299.00,46.00
"Lake Dallas ISD",2011,1,413.00,43.00
"Lake Dallas ISD",2012,1,540.00,70.00
"Lake Dallas ISD",2013,1,319.00,16.00
"Lake Dallas ISD",2014,1,312.00,18.00
"Lake Dallas ISD",2015,1,332.00,25.00
"Lake Dallas ISD",2016,2,441.00,19.00
"Lake Dallas ISD",2017,3,589.00,41.00
"Lake Dallas ISD",2018,3,689.00,58.00
"Lamar Cons ISD",2006,2,168.00,97.00
"Lamar Cons ISD",2007,2,235.00,139.00
"Lamar Cons ISD",2008,2,399.00,255.00
"Lamar Cons ISD",2009,2,507.00,333.00
"Lamar Cons ISD",2010,2,606.00,437.00
"Lamar Cons ISD",2011,2,707.00,556.00
"Lamar Cons ISD",2012,2,769.00,669.00
"Lamar Cons ISD",2013,2,824.00,704.00
"Lamar Cons ISD",2014,2,873.00,790.00
"Lamar Cons ISD",2015,1,16.00,16.00
"Lamar Cons ISD",2016,1,16.00,16.00
"Lamar Cons ISD",2017,1,12.00,12.00
"Lamar Cons ISD",2018,1,17.00,16.00
"Lancaster ISD",2001,1,82.00,7.00
"Lancaster ISD",2002,1,154.00,82.00
"Lancaster ISD",2003,1,147.00,129.00
"Lancaster ISD",2004,1,865.00,315.00
"Lancaster ISD",2005,1,919.00,775.00
"Lancaster ISD",2006,1,961.00,714.00
"Lancaster ISD",2007,1,994.00,701.00
"Lancaster ISD",2008,2,1446.00,1034.00
"Lancaster ISD",2009,3,1547.00,1120.00
"Lancaster ISD",2010,3,1742.00,1348.00
"Lancaster ISD",2011,2,1718.00,1386.00
"Lancaster ISD",2012,2,1606.00,1289.00
"Lancaster ISD",2013,3,1659.00,1323.00
"Lancaster ISD",2014,3,1678.00,1366.00
"Lancaster ISD",2015,1,650.00,417.00
"Lancaster ISD",2016,1,639.00,394.00
"Lancaster ISD",2017,2,649.00,398.00
"Lancaster ISD",2018,4,1869.00,1433.00
"Laredo ISD",2009,1,342.00,185.00
"Laredo ISD",2010,1,572.00,334.00
"Laredo ISD",2011,1,632.00,393.00
"Laredo ISD",2012,2,833.00,575.00
"Laredo ISD",2013,2,889.00,591.00
"Laredo ISD",2014,2,936.00,644.00
"Laredo ISD",2015,2,854.00,602.00
"Laredo ISD",2016,2,821.00,606.00
"Laredo ISD",2017,2,868.00,651.00
"Laredo ISD",2018,3,1052.00,750.00
"Leakey ISD",2002,1,16.00,15.00
"Leakey ISD",2003,1,15.00,14.00
"Leakey ISD",2004,1,28.00,23.00
"Leakey ISD",2005,1,66.00,48.00
"Leakey ISD",2006,1,56.00,46.00
"Leakey ISD",2007,1,53.00,50.00
"Leakey ISD",2008,1,58.00,53.00
"Leakey ISD",2009,1,57.00,49.00
"Leakey ISD",2010,1,72.00,69.00
"Leakey ISD",2011,1,71.00,66.00
"Leakey ISD",2012,1,72.00,67.00
"Leakey ISD",2013,1,94.00,83.00
"Leakey ISD",2014,1,86.00,76.00
"Leakey ISD",2015,1,139.00,89.00
"Leakey ISD",2016,1,122.00,112.00
"Leakey ISD",2017,1,114.00,104.00
"Leakey ISD",2018,1,129.00,109.00
"Leander ISD",2014,1,139.00,52.00
"Leander ISD",2015,2,652.00,94.00
"Leander ISD",2016,2,724.00,100.00
"Leander ISD",2017,2,829.00,76.00
"Leander ISD",2018,3,1319.00,251.00
"Lewisville ISD",2001,1,216.00,14.00
"Lewisville ISD",2002,3,696.00,11.00
"Lewisville ISD",2003,3,827.00,58.00
"Lewisville ISD",2004,3,1105.00,117.00
"Lewisville ISD",2005,3,970.00,134.00
"Lewisville ISD",2006,3,980.00,178.00
"Lewisville ISD",2007,3,1039.00,146.00
"Lewisville ISD",2008,5,1088.00,168.00
"Lewisville ISD",2009,6,1179.00,191.00
"Lewisville ISD",2010,7,1382.00,208.00
"Lewisville ISD",2011,7,1636.00,237.00
"Lewisville ISD",2012,5,1814.00,220.00
"Lewisville ISD",2013,7,2188.00,404.00
"Lewisville ISD",2014,8,2467.00,398.00
"Lewisville ISD",2015,8,8239.00,3161.00
"Lewisville ISD",2016,10,8223.00,3477.00
"Lewisville ISD",2017,10,8923.00,3824.00
"Lewisville ISD",2018,10,8581.00,3531.00
"Liberty Hill ISD",2000,1,18.00,0.00
"Liberty Hill ISD",2001,1,28.00,0.00
"Liberty Hill ISD",2002,1,73.00,0.00
"Liberty Hill ISD",2003,1,78.00,67.00
"Liberty Hill ISD",2004,1,80.00,24.00
"Liberty Hill ISD",2005,1,83.00,83.00
"Liberty Hill ISD",2006,1,95.00,24.00
"Liberty Hill ISD",2007,1,100.00,8.00
"Liberty Hill ISD",2008,1,97.00,5.00
"Liberty Hill ISD",2009,1,91.00,0.00
"Liberty Hill ISD",2010,1,89.00,0.00
"Liberty Hill ISD",2011,1,111.00,2.00
"Liberty Hill ISD",2012,1,102.00,1.00
"Liberty Hill ISD",2013,1,103.00,0.00
"Liberty Hill ISD",2014,1,107.00,0.00
"Liberty Hill ISD",2015,1,94.00,94.00
"Liberty Hill ISD",2016,1,107.00,107.00
"Liberty Hill ISD",2017,1,114.00,114.00
"Liberty Hill ISD",2018,1,101.00,101.00
"Little Elm ISD",2002,1,68.00,0.00
"Little Elm ISD",2003,1,112.00,20.00
"Little Elm ISD",2004,1,91.00,27.00
"Little Elm ISD",2005,1,122.00,71.00
"Little Elm ISD",2006,1,155.00,72.00
"Little Elm ISD",2007,1,188.00,85.00
"Little Elm ISD",2008,1,189.00,83.00
"Little Elm ISD",2009,1,176.00,54.00
"Little Elm ISD",2010,1,168.00,82.00
"Little Elm ISD",2011,1,182.00,111.00
"Little Elm ISD",2012,1,181.00,110.00
"Little Elm ISD",2013,1,182.00,116.00
"Little Elm ISD",2014,1,154.00,73.00
"Little Elm ISD",2015,1,108.00,77.00
"Little Elm ISD",2017,1,108.00,78.00
"Little Elm ISD",2018,1,163.00,110.00
"Llano ISD",2017,1,85.00,30.00
"Llano ISD",2018,1,151.00,69.00
"Lockhart ISD",2003,1,118.00,114.00
"Lockhart ISD",2004,1,121.00,120.00
"Lockhart ISD",2005,1,119.00,119.00
"Lockhart ISD",2006,1,170.00,149.00
"Lockhart ISD",2007,1,166.00,166.00
"Lockhart ISD",2008,1,175.00,175.00
"Lockhart ISD",2009,1,172.00,172.00
"Lockhart ISD",2010,1,168.00,167.00
"Lockhart ISD",2011,1,165.00,159.00
"Lockhart ISD",2012,1,175.00,174.00
"Lockhart ISD",2013,1,171.00,169.00
"Lockhart ISD",2014,1,171.00,168.00
"Lockhart ISD",2015,1,165.00,163.00
"Lockhart ISD",2016,1,182.00,182.00
"Lockhart ISD",2017,2,181.00,168.00
"Lockhart ISD",2018,2,159.00,148.00
"Lometa ISD",2009,1,23.00,20.00
"Lometa ISD",2010,1,26.00,26.00
"Lometa ISD",2011,1,29.00,29.00
"Lometa ISD",2012,1,31.00,31.00
"Lometa ISD",2013,1,31.00,31.00
"Lometa ISD",2014,1,29.00,29.00
"Lometa ISD",2015,1,32.00,32.00
"Lometa ISD",2016,1,31.00,31.00
"Lometa ISD",2017,1,32.00,32.00
"Lometa ISD",2018,1,34.00,34.00
"Longview ISD",2000,1,52.00,27.00
"Longview ISD",2001,1,144.00,18.00
"Longview ISD",2002,1,143.00,19.00
"Longview ISD",2003,1,156.00,23.00
"Longview ISD",2004,1,140.00,29.00
"Longview ISD",2005,1,139.00,34.00
"Longview ISD",2006,1,135.00,45.00
"Longview ISD",2007,1,168.00,62.00
"Longview ISD",2008,1,162.00,54.00
"Longview ISD",2009,1,155.00,50.00
"Longview ISD",2010,1,157.00,49.00
"Longview ISD",2011,1,157.00,50.00
"Longview ISD",2012,1,165.00,58.00
"Longview ISD",2013,2,225.00,44.00
"Longview ISD",2014,2,284.00,71.00
"Longview ISD",2015,2,299.00,70.00
"Longview ISD",2016,2,309.00,65.00
"Longview ISD",2017,2,324.00,66.00
"Longview ISD",2018,2,358.00,72.00
"Lubbock ISD",2000,2,173.00,94.00
"Lubbock ISD",2001,2,227.00,166.00
"Lubbock ISD",2002,2,255.00,184.00
"Lubbock ISD",2003,2,309.00,202.00
"Lubbock ISD",2004,2,344.00,253.00
"Lubbock ISD",2005,2,355.00,301.00
"Lubbock ISD",2006,2,318.00,283.00
"Lubbock ISD",2007,3,476.00,362.00
"Lubbock ISD",2008,4,631.00,486.00
"Lubbock ISD",2009,6,975.00,757.00
"Lubbock ISD",2010,6,1029.00,807.00
"Lubbock ISD",2011,6,1145.00,901.00
"Lubbock ISD",2012,5,1083.00,894.00
"Lubbock ISD",2013,5,1156.00,954.00
"Lubbock ISD",2014,5,1149.00,946.00
"Lubbock ISD",2015,5,1044.00,949.00
"Lubbock ISD",2016,4,1019.00,816.00
"Lubbock ISD",2017,4,1063.00,902.00
"Lubbock ISD",2018,4,1080.00,934.00
"Lufkin ISD",2000,1,208.00,23.00
"Lufkin ISD",2001,1,275.00,12.00
"Lufkin ISD",2002,1,187.00,86.00
"Lufkin ISD",2003,1,182.00,99.00
"Lufkin ISD",2004,1,197.00,107.00
"Lufkin ISD",2005,1,206.00,114.00
"Lufkin ISD",2006,1,220.00,132.00
"Lufkin ISD",2007,1,263.00,145.00
"Lufkin ISD",2008,1,313.00,185.00
"Lufkin ISD",2009,1,304.00,209.00
"Lufkin ISD",2010,2,336.00,206.00
"Lufkin ISD",2011,2,465.00,272.00
"Lufkin ISD",2012,2,554.00,350.00
"Lufkin ISD",2013,2,635.00,320.00
"Lufkin ISD",2014,2,701.00,344.00
"Lufkin ISD",2015,2,811.00,407.00
"Lufkin ISD",2016,2,966.00,451.00
"Lufkin ISD",2017,3,1037.00,470.00
"Lufkin ISD",2018,3,1020.00,517.00
"Manor ISD",2005,1,147.00,123.00
"Manor ISD",2006,2,393.00,212.00
"Manor ISD",2007,2,526.00,155.00
"Manor ISD",2008,2,596.00,373.00
"Manor ISD",2009,3,697.00,450.00
"Manor ISD",2010,4,954.00,643.00
"Manor ISD",2011,5,1367.00,981.00
"Manor ISD",2012,6,1875.00,1427.00
"Manor ISD",2013,6,2248.00,1754.00
"Manor ISD",2014,6,2533.00,2044.00
"Manor ISD",2015,6,2969.00,2335.00
"Manor ISD",2016,6,3232.00,2500.00
"Manor ISD",2017,4,1792.00,1131.00
"Manor ISD",2018,4,1943.00,1351.00
"Mansfield ISD",2017,2,485.00,246.00
"Mansfield ISD",2018,2,782.00,360.00
"Marshall ISD",2010,1,65.00,17.00
"Marshall ISD",2011,1,67.00,24.00
"Marshall ISD",2012,1,88.00,16.00
"Marshall ISD",2013,1,91.00,31.00
"Marshall ISD",2014,1,75.00,20.00
"Marshall ISD",2015,1,89.00,27.00
"Marshall ISD",2016,1,87.00,27.00
"Marshall ISD",2017,1,80.00,36.00
"Marshall ISD",2018,1,82.00,29.00
"Martins Mill ISD",2000,1,42.00,12.00
"Martins Mill ISD",2001,1,40.00,0.00
"Martins Mill ISD",2002,1,65.00,0.00
"Martins Mill ISD",2003,1,42.00,0.00
"Martins Mill ISD",2004,1,55.00,10.00
"Martins Mill ISD",2005,1,45.00,4.00
"Martins Mill ISD",2006,1,39.00,8.00
"Martins Mill ISD",2007,1,33.00,5.00
"Martins Mill ISD",2008,1,38.00,2.00
"Martins Mill ISD",2009,1,43.00,0.00
"Martins Mill ISD",2010,1,44.00,12.00
"Martins Mill ISD",2011,1,58.00,12.00
"Martins Mill ISD",2012,1,52.00,11.00
"Martins Mill ISD",2013,1,63.00,20.00
"Martins Mill ISD",2014,1,57.00,24.00
"Martins Mill ISD",2015,1,76.00,28.00
"Martins Mill ISD",2016,1,86.00,42.00
"Martins Mill ISD",2017,1,114.00,48.00
"Martins Mill ISD",2018,1,102.00,49.00
"McAllen ISD",2000,1,51.00,35.00
"McAllen ISD",2001,1,45.00,29.00
"McAllen ISD",2002,1,95.00,36.00
"McAllen ISD",2003,1,80.00,65.00
"McAllen ISD",2004,1,51.00,19.00
"McAllen ISD",2005,2,212.00,106.00
"McAllen ISD",2006,2,281.00,155.00
"McAllen ISD",2007,3,651.00,340.00
"McAllen ISD",2008,3,821.00,449.00
"McAllen ISD",2009,3,1013.00,629.00
"McAllen ISD",2010,3,1165.00,741.00
"McAllen ISD",2011,3,1102.00,728.00
"McAllen ISD",2012,4,1336.00,931.00
"McAllen ISD",2013,4,1451.00,1153.00
"McAllen ISD",2014,4,1550.00,1232.00
"McAllen ISD",2015,3,866.00,672.00
"McAllen ISD",2016,3,917.00,656.00
"McAllen ISD",2017,3,955.00,644.00
"McAllen ISD",2018,3,821.00,675.00
"McKinney ISD",2009,1,82.00,0.00
"McKinney ISD",2010,1,129.00,0.00
"McKinney ISD",2011,1,41.00,41.00
"McKinney ISD",2012,1,108.00,108.00
"McKinney ISD",2013,2,951.00,87.00
"McKinney ISD",2014,2,1125.00,105.00
"McKinney ISD",2015,1,1097.00,84.00
"McKinney ISD",2016,1,1192.00,83.00
"McKinney ISD",2017,1,1230.00,75.00
"McKinney ISD",2018,1,1341.00,109.00
"Mercedes ISD",2003,1,84.00,77.00
"Mercedes ISD",2004,1,202.00,194.00
"Mercedes ISD",2005,1,207.00,190.00
"Mercedes ISD",2006,1,193.00,129.00
"Mercedes ISD",2007,1,204.00,160.00
"Mercedes ISD",2008,1,232.00,196.00
"Mercedes ISD",2009,1,157.00,105.00
"Mercedes ISD",2010,1,169.00,132.00
"Mercedes ISD",2011,1,177.00,144.00
"Mercedes ISD",2012,1,164.00,139.00
"Mercedes ISD",2013,1,131.00,108.00
"Mercedes ISD",2014,1,130.00,118.00
"Mercedes ISD",2015,1,84.00,72.00
"Mercedes ISD",2016,1,108.00,103.00
"Mercedes ISD",2017,1,115.00,112.00
"Mercedes ISD",2018,1,112.00,109.00
"Mesquite ISD",2002,1,141.00,122.00
"Mesquite ISD",2003,1,159.00,118.00
"Mesquite ISD",2004,1,196.00,185.00
"Mesquite ISD",2005,1,278.00,256.00
"Mesquite ISD",2006,1,261.00,233.00
"Mesquite ISD",2007,1,370.00,335.00
"Mesquite ISD",2008,1,345.00,316.00
"Mesquite ISD",2009,1,465.00,434.00
"Mesquite ISD",2010,1,494.00,457.00
"Mesquite ISD",2011,1,437.00,396.00
"Mesquite ISD",2012,1,459.00,399.00
"Mesquite ISD",2013,2,835.00,647.00
"Mesquite ISD",2014,2,1009.00,865.00
"Mesquite ISD",2015,1,528.00,402.00
"Mesquite ISD",2016,2,708.00,561.00
"Mesquite ISD",2017,4,1486.00,1152.00
"Mesquite ISD",2018,3,1769.00,1328.00
"Midland ISD",2000,1,586.00,262.00
"Midland ISD",2001,1,702.00,457.00
"Midland ISD",2002,1,549.00,351.00
"Midland ISD",2003,1,499.00,342.00
"Midland ISD",2004,1,392.00,322.00
"Midland ISD",2005,1,511.00,369.00
"Midland ISD",2006,1,503.00,328.00
"Midland ISD",2007,2,613.00,377.00
"Midland ISD",2008,2,640.00,386.00
"Midland ISD",2009,3,801.00,399.00
"Midland ISD",2010,3,842.00,551.00
"Midland ISD",2011,3,870.00,569.00
"Midland ISD",2012,3,863.00,489.00
"Midland ISD",2013,3,784.00,458.00
"Midland ISD",2014,4,884.00,453.00
"Midland ISD",2015,4,1062.00,413.00
"Midland ISD",2016,4,1157.00,480.00
"Midland ISD",2017,5,1273.00,632.00
"Midland ISD",2018,4,1368.00,639.00
"Mission Cons ISD",1997,1,93.00,69.00
"Mission Cons ISD",1998,1,167.00,14.00
"Mission Cons ISD",1999,1,243.00,82.00
"Mission Cons ISD",2000,1,179.00,105.00
"Mission Cons ISD",2001,1,172.00,172.00
"Mission Cons ISD",2002,1,199.00,140.00
"Mission Cons ISD",2003,1,192.00,188.00
"Mission Cons ISD",2004,1,165.00,160.00
"Mission Cons ISD",2005,1,148.00,144.00
"Mission Cons ISD",2006,1,139.00,137.00
"Mission Cons ISD",2007,2,275.00,200.00
"Mission Cons ISD",2008,2,314.00,271.00
"Mission Cons ISD",2009,2,314.00,278.00
"Mission Cons ISD",2010,2,247.00,197.00
"Mission Cons ISD",2011,2,295.00,291.00
"Mission Cons ISD",2012,2,408.00,303.00
"Mission Cons ISD",2013,3,450.00,417.00
"Mission Cons ISD",2014,3,521.00,483.00
"Mission Cons ISD",2015,3,589.00,538.00
"Mission Cons ISD",2016,4,608.00,549.00
"Mission Cons ISD",2017,4,1179.00,1071.00
"Mission Cons ISD",2018,4,1426.00,1242.00
"Nacogdoches ISD",2009,1,154.00,16.00
"Nacogdoches ISD",2010,1,221.00,25.00
"Nacogdoches ISD",2011,1,261.00,39.00
"Nacogdoches ISD",2012,1,259.00,25.00
"Nacogdoches ISD",2013,1,252.00,19.00
"Nacogdoches ISD",2014,1,246.00,17.00
"Nacogdoches ISD",2015,1,250.00,19.00
"Nacogdoches ISD",2016,1,242.00,14.00
"Nacogdoches ISD",2017,1,255.00,22.00
"Nacogdoches ISD",2018,1,255.00,22.00
"New Braunfels ISD",2010,1,40.00,25.00
"New Braunfels ISD",2011,1,92.00,50.00
"New Braunfels ISD",2012,1,127.00,79.00
"New Braunfels ISD",2013,1,103.00,54.00
"New Braunfels ISD",2014,1,103.00,57.00
"New Braunfels ISD",2015,1,93.00,35.00
"New Braunfels ISD",2016,1,108.00,45.00
"New Braunfels ISD",2017,1,108.00,50.00
"New Braunfels ISD",2018,1,103.00,56.00
"New Waverly ISD",1999,1,224.00,224.00
"New Waverly ISD",2000,1,184.00,184.00
"New Waverly ISD",2001,1,194.00,194.00
"New Waverly ISD",2002,1,201.00,201.00
"New Waverly ISD",2003,1,203.00,203.00
"New Waverly ISD",2004,1,180.00,180.00
"New Waverly ISD",2005,1,168.00,168.00
"New Waverly ISD",2006,1,161.00,161.00
"New Waverly ISD",2007,1,172.00,172.00
"New Waverly ISD",2008,1,171.00,171.00
"New Waverly ISD",2009,1,146.00,146.00
"New Waverly ISD",2010,1,136.00,136.00
"New Waverly ISD",2011,1,110.00,110.00
"New Waverly ISD",2012,1,103.00,103.00
"New Waverly ISD",2013,1,100.00,100.00
"New Waverly ISD",2014,1,78.00,78.00
"New Waverly ISD",2015,1,72.00,72.00
"New Waverly ISD",2016,1,95.00,95.00
"New Waverly ISD",2017,1,89.00,89.00
"New Waverly ISD",2018,1,104.00,104.00
"North East ISD",1997,1,106.00,27.00
"North East ISD",1998,1,189.00,47.00
"North East ISD",1999,3,689.00,312.00
"North East ISD",2000,6,1073.00,509.00
"North East ISD",2001,7,1478.00,1074.00
"North East ISD",2002,8,1725.00,1080.00
"North East ISD",2003,8,1408.00,1062.00
"North East ISD",2004,9,2224.00,1744.00
"North East ISD",2005,9,2089.00,1658.00
"North East ISD",2006,11,2154.00,1635.00
"North East ISD",2007,12,2699.00,2024.00
"North East ISD",2008,13,3168.00,2371.00
"North East ISD",2009,13,3064.00,2461.00
"North East ISD",2010,15,3673.00,2865.00
"North East ISD",2011,16,4445.00,3570.00
"North East ISD",2012,15,4859.00,3882.00
"North East ISD",2013,15,4393.00,3594.00
"North East ISD",2014,15,4697.00,3766.00
"North East ISD",2015,15,4422.00,3435.00
"North East ISD",2016,15,5521.00,3951.00
"North East ISD",2017,22,7343.00,4514.00
"North East ISD",2018,22,9085.00,5207.00
"Northside ISD (Bexar)",2000,2,178.00,8.00
"Northside ISD (Bexar)",2001,2,243.00,210.00
"Northside ISD (Bexar)",2002,2,433.00,290.00
"Northside ISD (Bexar)",2003,3,713.00,489.00
"Northside ISD (Bexar)",2004,4,866.00,544.00
"Northside ISD (Bexar)",2005,5,1282.00,986.00
"Northside ISD (Bexar)",2006,5,1399.00,1137.00
"Northside ISD (Bexar)",2007,6,1791.00,1365.00
"Northside ISD (Bexar)",2008,7,1925.00,1343.00
"Northside ISD (Bexar)",2009,11,2884.00,2093.00
"Northside ISD (Bexar)",2010,10,3114.00,2271.00
"Northside ISD (Bexar)",2011,10,3220.00,2501.00
"Northside ISD (Bexar)",2012,8,2340.00,1720.00
"Northside ISD (Bexar)",2013,9,2344.00,1318.00
"Northside ISD (Bexar)",2014,9,2959.00,1559.00
"Northside ISD (Bexar)",2015,12,3586.00,1959.00
"Northside ISD (Bexar)",2016,14,4205.00,2388.00
"Northside ISD (Bexar)",2017,13,3965.00,2641.00
"Northside ISD (Bexar)",2018,15,5063.00,2984.00
"Northwest ISD",2004,1,197.00,0.00
"Northwest ISD",2005,1,267.00,0.00
"Northwest ISD",2006,1,322.00,0.00
"Northwest ISD",2007,1,350.00,0.00
"Northwest ISD",2008,1,379.00,0.00
"Northwest ISD",2009,1,408.00,0.00
"Northwest ISD",2010,1,480.00,0.00
"Northwest ISD",2011,1,520.00,0.00
"Northwest ISD",2012,1,617.00,0.00
"Northwest ISD",2013,1,670.00,0.00
"Northwest ISD",2014,1,695.00,0.00
"Northwest ISD",2015,3,2201.00,227.00
"Northwest ISD",2016,4,2401.00,284.00
"Northwest ISD",2017,4,2520.00,388.00
"Northwest ISD",2018,4,2695.00,493.00
"Palestine ISD",2000,1,32.00,32.00
"Palestine ISD",2002,1,93.00,25.00
"Palestine ISD",2003,1,101.00,24.00
"Palestine ISD",2004,1,81.00,27.00
"Palestine ISD",2005,1,82.00,49.00
"Palestine ISD",2006,1,71.00,40.00
"Palestine ISD",2007,1,80.00,43.00
"Palestine ISD",2008,1,100.00,58.00
"Palestine ISD",2009,1,129.00,91.00
"Palestine ISD",2010,1,103.00,68.00
"Palestine ISD",2011,1,132.00,99.00
"Palestine ISD",2012,1,120.00,97.00
"Palestine ISD",2013,2,130.00,63.00
"Palestine ISD",2014,2,222.00,118.00
"Palestine ISD",2015,1,175.00,38.00
"Palestine ISD",2016,1,164.00,48.00
"Palestine ISD",2017,1,202.00,67.00
"Palestine ISD",2018,1,201.00,58.00
"Pasadena ISD",2001,1,380.00,288.00
"Pasadena ISD",2002,1,423.00,231.00
"Pasadena ISD",2003,1,505.00,378.00
"Pasadena ISD",2004,2,772.00,542.00
"Pasadena ISD",2005,2,958.00,696.00
"Pasadena ISD",2006,2,959.00,719.00
"Pasadena ISD",2007,2,1046.00,813.00
"Pasadena ISD",2008,2,1117.00,862.00
"Pasadena ISD",2009,2,1070.00,836.00
"Pasadena ISD",2010,2,1121.00,868.00
"Pasadena ISD",2011,2,1126.00,860.00
"Pasadena ISD",2012,2,1187.00,972.00
"Pasadena ISD",2013,2,1231.00,825.00
"Pasadena ISD",2014,3,1561.00,1221.00
"Pasadena ISD",2015,3,1678.00,1139.00
"Pasadena ISD",2016,5,2048.00,1389.00
"Pasadena ISD",2017,8,2579.00,1950.00
"Pasadena ISD",2018,10,4146.00,2614.00
"Pflugerville ISD",1999,2,159.00,4.00
"Pflugerville ISD",2000,2,225.00,10.00
"Pflugerville ISD",2001,2,292.00,7.00
"Pflugerville ISD",2002,2,352.00,7.00
"Pflugerville ISD",2003,2,434.00,25.00
"Pflugerville ISD",2004,2,519.00,39.00
"Pflugerville ISD",2005,2,537.00,41.00
"Pflugerville ISD",2006,2,612.00,58.00
"Pflugerville ISD",2007,2,673.00,76.00
"Pflugerville ISD",2008,2,652.00,80.00
"Pflugerville ISD",2009,3,837.00,157.00
"Pflugerville ISD",2010,3,1075.00,278.00
"Pflugerville ISD",2011,3,1347.00,394.00
"Pflugerville ISD",2012,3,1441.00,453.00
"Pflugerville ISD",2013,3,1491.00,465.00
"Pflugerville ISD",2014,3,1527.00,530.00
"Pflugerville ISD",2015,2,1254.00,564.00
"Pflugerville ISD",2016,3,1468.00,629.00
"Pflugerville ISD",2017,3,1626.00,682.00
"Pflugerville ISD",2018,3,1706.00,801.00
"Pharr-San Juan-Alamo ISD",2002,1,48.00,44.00
"Pharr-San Juan-Alamo ISD",2003,1,119.00,99.00
"Pharr-San Juan-Alamo ISD",2004,1,167.00,146.00
"Pharr-San Juan-Alamo ISD",2005,1,220.00,170.00
"Pharr-San Juan-Alamo ISD",2006,1,286.00,227.00
"Pharr-San Juan-Alamo ISD",2007,2,542.00,367.00
"Pharr-San Juan-Alamo ISD",2008,2,575.00,467.00
"Pharr-San Juan-Alamo ISD",2009,3,977.00,792.00
"Pharr-San Juan-Alamo ISD",2010,5,1522.00,1257.00
"Pharr-San Juan-Alamo ISD",2011,5,2095.00,1752.00
"Pharr-San Juan-Alamo ISD",2012,4,2544.00,2140.00
"Pharr-San Juan-Alamo ISD",2013,5,3128.00,2649.00
"Pharr-San Juan-Alamo ISD",2014,5,3162.00,2719.00
"Pharr-San Juan-Alamo ISD",2015,6,4067.00,3551.00
"Pharr-San Juan-Alamo ISD",2016,6,4121.00,3655.00
"Pharr-San Juan-Alamo ISD",2017,6,3771.00,3282.00
"Pharr-San Juan-Alamo ISD",2018,6,3730.00,3254.00
"Pilot Point ISD",2015,1,113.00,32.00
"Pilot Point ISD",2016,1,140.00,93.00
"Plano ISD",2013,1,433.00,190.00
"Plano ISD",2014,1,686.00,313.00
"Plano ISD",2015,2,835.00,374.00
"Plano ISD",2016,2,1083.00,511.00
"Plano ISD",2017,3,1488.00,602.00
"Plano ISD",2018,5,1472.00,689.00
"Port Arthur ISD",2000,1,157.00,87.00
"Port Arthur ISD",2001,1,117.00,90.00
"Port Arthur ISD",2002,1,134.00,123.00
"Port Arthur ISD",2003,1,160.00,147.00
"Port Arthur ISD",2004,1,222.00,137.00
"Port Arthur ISD",2005,1,334.00,305.00
"Port Arthur ISD",2006,1,343.00,207.00
"Port Arthur ISD",2007,1,338.00,323.00
"Port Arthur ISD",2008,1,411.00,378.00
"Port Arthur ISD",2009,1,387.00,365.00
"Port Arthur ISD",2010,1,370.00,355.00
"Port Arthur ISD",2011,4,623.00,584.00
"Port Arthur ISD",2012,4,636.00,614.00
"Port Arthur ISD",2013,4,641.00,571.00
"Port Arthur ISD",2014,4,568.00,500.00
"Port Arthur ISD",2015,4,796.00,720.00
"Port Arthur ISD",2016,4,942.00,845.00
"Port Arthur ISD",2017,5,1283.00,1196.00
"Port Arthur ISD",2018,5,1287.00,1077.00
"Post ISD",2011,1,55.00,55.00
"Post ISD",2012,1,53.00,53.00
"Post ISD",2013,1,53.00,53.00
"Raymondville ISD",2005,1,77.00,75.00
"Raymondville ISD",2006,1,67.00,67.00
"Raymondville ISD",2007,1,71.00,71.00
"Raymondville ISD",2008,1,94.00,94.00
"Raymondville ISD",2009,1,72.00,71.00
"Raymondville ISD",2010,1,55.00,55.00
"Raymondville ISD",2011,1,64.00,60.00
"Raymondville ISD",2012,1,98.00,97.00
"Raymondville ISD",2013,1,133.00,109.00
"Raymondville ISD",2014,1,91.00,81.00
"Raymondville ISD",2015,1,105.00,77.00
"Red Oak ISD",2004,1,224.00,42.00
"Red Oak ISD",2005,1,535.00,166.00
"Red Oak ISD",2006,1,747.00,196.00
"Red Oak ISD",2007,1,952.00,234.00
"Red Oak ISD",2008,1,1096.00,254.00
"Red Oak ISD",2009,1,1263.00,312.00
"Red Oak ISD",2010,1,1401.00,398.00
"Red Oak ISD",2011,1,1501.00,455.00
"Red Oak ISD",2012,1,1554.00,508.00
"Red Oak ISD",2013,1,1625.00,583.00
"Red Oak ISD",2014,1,1774.00,649.00
"Red Oak ISD",2015,1,1949.00,704.00
"Red Oak ISD",2016,1,1051.00,448.00
"Red Oak ISD",2017,1,1051.00,400.00
"Red Oak ISD",2018,1,1030.00,470.00
"Richardson ISD",2002,1,268.00,69.00
"Richardson ISD",2003,2,550.00,192.00
"Richardson ISD",2004,2,637.00,157.00
"Richardson ISD",2005,3,921.00,420.00
"Richardson ISD",2006,3,1107.00,563.00
"Richardson ISD",2007,4,1702.00,803.00
"Richardson ISD",2008,4,1726.00,776.00
"Richardson ISD",2009,4,1832.00,932.00
"Richardson ISD",2010,4,1865.00,877.00
"Richardson ISD",2011,4,2096.00,1158.00
"Richardson ISD",2012,4,2316.00,1465.00
"Richardson ISD",2013,5,2554.00,1527.00
"Richardson ISD",2014,5,2619.00,1628.00
"Richardson ISD",2015,6,2882.00,1696.00
"Richardson ISD",2016,6,2829.00,1668.00
"Richardson ISD",2017,5,2526.00,1514.00
"Richardson ISD",2018,5,2460.00,1521.00
"Rio Grande City Cons ISD",2005,1,63.00,57.00
"Rio Grande City Cons ISD",2006,1,94.00,91.00
"Rio Grande City Cons ISD",2007,1,160.00,157.00
"Rio Grande City Cons ISD",2008,1,167.00,162.00
"Rio Grande City Cons ISD",2009,1,175.00,142.00
"Rio Grande City Cons ISD",2010,1,150.00,116.00
"Rio Grande City Cons ISD",2011,1,137.00,136.00
"Rio Grande City Cons ISD",2012,1,139.00,138.00
"Rio Grande City Cons ISD",2013,1,168.00,154.00
"Rio Grande City Cons ISD",2014,1,145.00,123.00
"Rio Grande City Cons ISD",2015,1,164.00,138.00
"Rio Grande City Cons ISD",2018,2,479.00,443.00
"Robstown ISD",2016,1,493.00,222.00
"Robstown ISD",2017,1,510.00,242.00
"Robstown ISD",2018,1,488.00,246.00
"Rockdale ISD",2009,1,59.00,59.00
"Rockdale ISD",2010,1,62.00,61.00
"Rockdale ISD",2011,1,58.00,58.00
"Rockdale ISD",2012,1,62.00,62.00
"Rockdale ISD",2013,1,53.00,53.00
"Rockdale ISD",2014,1,48.00,48.00
"Rockdale ISD",2015,1,57.00,57.00
"Rockdale ISD",2016,1,59.00,59.00
"Rockdale ISD",2017,1,62.00,62.00
"Rockdale ISD",2018,1,33.00,33.00
"Round Rock ISD",2012,2,1132.00,191.00
"Round Rock ISD",2013,2,1503.00,185.00
"Round Rock ISD",2014,3,2024.00,351.00
"Round Rock ISD",2015,4,2882.00,514.00
"Round Rock ISD",2016,4,3455.00,649.00
"Round Rock ISD",2017,5,3749.00,686.00
"Round Rock ISD",2018,5,3268.00,631.00
"Royse City ISD",2015,1,95.00,41.00
"Royse City ISD",2016,1,98.00,46.00
"Royse City ISD",2017,1,91.00,28.00
"Royse City ISD",2018,1,117.00,18.00
"San Angelo ISD",2010,1,633.00,287.00
"San Angelo ISD",2011,1,745.00,334.00
"San Angelo ISD",2012,1,836.00,385.00
"San Angelo ISD",2013,1,960.00,406.00
"San Angelo ISD",2014,1,1005.00,441.00
"San Angelo ISD",2015,1,1198.00,563.00
"San Angelo ISD",2016,1,1198.00,533.00
"San Angelo ISD",2017,1,1296.00,559.00
"San Angelo ISD",2018,1,1235.00,559.00
"San Antonio ISD",1997,1,153.00,122.00
"San Antonio ISD",1998,1,152.00,123.00
"San Antonio ISD",1999,5,1018.00,756.00
"San Antonio ISD",2000,5,1266.00,865.00
"San Antonio ISD",2001,8,1495.00,1144.00
"San Antonio ISD",2002,10,1792.00,1389.00
"San Antonio ISD",2003,10,2043.00,1497.00
"San Antonio ISD",2004,10,2221.00,1677.00
"San Antonio ISD",2005,14,3052.00,2236.00
"San Antonio ISD",2006,16,3613.00,2960.00
"San Antonio ISD",2007,18,4188.00,3437.00
"San Antonio ISD",2008,20,4594.00,3783.00
"San Antonio ISD",2009,21,4526.00,3704.00
"San Antonio ISD",2010,24,4868.00,3647.00
"San Antonio ISD",2011,25,5139.00,3953.00
"San Antonio ISD",2012,23,5476.00,4392.00
"San Antonio ISD",2013,25,6249.00,4861.00
"San Antonio ISD",2014,26,6807.00,5261.00
"San Antonio ISD",2015,29,7877.00,6156.00
"San Antonio ISD",2016,29,8648.00,6736.00
"San Antonio ISD",2017,25,7153.00,5595.00
"San Antonio ISD",2018,25,8334.00,6283.00
"San Benito Cons ISD",2009,3,392.00,315.00
"San Benito Cons ISD",2010,3,762.00,556.00
"San Benito Cons ISD",2011,3,940.00,673.00
"San Benito Cons ISD",2012,3,1172.00,842.00
"San Benito Cons ISD",2013,3,1395.00,1003.00
"San Benito Cons ISD",2014,3,1573.00,1219.00
"San Benito Cons ISD",2015,3,1503.00,1175.00
"San Benito Cons ISD",2016,3,1553.00,1289.00
"San Benito Cons ISD",2017,3,1791.00,1534.00
"San Benito Cons ISD",2018,3,1812.00,1517.00
"San Felipe-Del Rio Cons ISD",2007,2,151.00,104.00
"San Felipe-Del Rio Cons ISD",2008,2,225.00,149.00
"San Felipe-Del Rio Cons ISD",2009,2,256.00,140.00
"San Felipe-Del Rio Cons ISD",2010,2,284.00,184.00
"San Felipe-Del Rio Cons ISD",2011,2,329.00,183.00
"San Felipe-Del Rio Cons ISD",2012,2,349.00,224.00
"San Felipe-Del Rio Cons ISD",2013,2,372.00,252.00
"San Felipe-Del Rio Cons ISD",2014,2,351.00,222.00
"San Felipe-Del Rio Cons ISD",2015,2,389.00,251.00
"San Felipe-Del Rio Cons ISD",2016,2,385.00,257.00
"San Felipe-Del Rio Cons ISD",2017,2,388.00,280.00
"San Felipe-Del Rio Cons ISD",2018,2,338.00,228.00
"San Marcos Cons ISD",2002,1,87.00,1.00
"San Marcos Cons ISD",2003,2,182.00,124.00
"San Marcos Cons ISD",2004,2,189.00,131.00
"San Marcos Cons ISD",2005,3,309.00,236.00
"San Marcos Cons ISD",2006,3,345.00,157.00
"San Marcos Cons ISD",2007,3,356.00,173.00
"San Marcos Cons ISD",2008,3,352.00,270.00
"San Marcos Cons ISD",2009,3,340.00,247.00
"San Marcos Cons ISD",2010,3,379.00,318.00
"San Marcos Cons ISD",2011,2,223.00,156.00
"San Marcos Cons ISD",2012,2,236.00,192.00
"San Marcos Cons ISD",2013,2,226.00,185.00
"San Marcos Cons ISD",2014,2,231.00,172.00
"San Marcos Cons ISD",2015,3,425.00,356.00
"San Marcos Cons ISD",2016,3,398.00,328.00
"San Marcos Cons ISD",2017,3,381.00,327.00
"San Marcos Cons ISD",2018,3,372.00,321.00
"Schertz-Cibolo-Universal City ISD",2002,1,27.00,2.00
"Schertz-Cibolo-Universal City ISD",2003,1,102.00,40.00
"Schertz-Cibolo-Universal City ISD",2004,1,60.00,43.00
"Schertz-Cibolo-Universal City ISD",2005,1,45.00,34.00
"Schertz-Cibolo-Universal City ISD",2006,1,52.00,40.00
"Schertz-Cibolo-Universal City ISD",2007,1,107.00,82.00
"Schertz-Cibolo-Universal City ISD",2008,1,96.00,70.00
"Schertz-Cibolo-Universal City ISD",2009,1,83.00,57.00
"Schertz-Cibolo-Universal City ISD",2010,1,106.00,95.00
"Schertz-Cibolo-Universal City ISD",2011,2,106.00,91.00
"Schertz-Cibolo-Universal City ISD",2012,2,96.00,70.00
"Schertz-Cibolo-Universal City ISD",2013,2,169.00,122.00
"Schertz-Cibolo-Universal City ISD",2014,1,127.00,67.00
"Schertz-Cibolo-Universal City ISD",2015,1,93.00,59.00
"Schertz-Cibolo-Universal City ISD",2017,1,329.00,105.00
"Schertz-Cibolo-Universal City ISD",2018,1,414.00,102.00
"Seguin ISD",2017,1,93.00,53.00
"Seguin ISD",2018,1,144.00,82.00
"Sharyland ISD",2013,2,471.00,340.00
"Sharyland ISD",2014,2,720.00,551.00
"Sharyland ISD",2015,2,954.00,726.00
"Sharyland ISD",2016,2,1199.00,1000.00
"Sharyland ISD",2017,2,1480.00,1246.00
"Sharyland ISD",2018,2,1588.00,1284.00
"Sheldon ISD",2008,1,91.00,73.00
"Sheldon ISD",2009,1,128.00,51.00
"Sheldon ISD",2010,1,298.00,237.00
"Sheldon ISD",2011,1,355.00,287.00
"Sheldon ISD",2012,1,595.00,514.00
"Sheldon ISD",2013,1,724.00,587.00
"Sheldon ISD",2014,1,683.00,496.00
"Sheldon ISD",2015,2,804.00,562.00
"Sheldon ISD",2016,2,835.00,624.00
"Sheldon ISD",2017,1,534.00,405.00
"Sheldon ISD",2018,1,508.00,367.00
"Socorro ISD",2015,1,339.00,160.00
"Socorro ISD",2016,1,364.00,180.00
"Socorro ISD",2017,1,352.00,141.00
"Socorro ISD",2018,1,336.00,81.00
"South San Antonio ISD",2014,1,448.00,406.00
"South San Antonio ISD",2015,3,523.00,476.00
"South San Antonio ISD",2016,3,657.00,579.00
"South San Antonio ISD",2017,3,653.00,486.00
"South San Antonio ISD",2018,7,2084.00,1587.00
"Southside ISD",2018,1,54.00,53.00
"Spring Branch ISD",2014,1,18.00,18.00
"Spring Branch ISD",2015,1,21.00,6.00
"Spring Branch ISD",2016,1,23.00,1.00
"Spring Branch ISD",2017,1,16.00,0.00
"Spring ISD",1999,1,161.00,90.00
"Spring ISD",2000,2,230.00,155.00
"Spring ISD",2001,2,267.00,202.00
"Spring ISD",2002,2,338.00,277.00
"Spring ISD",2003,2,566.00,509.00
"Spring ISD",2004,3,427.00,353.00
"Spring ISD",2005,3,592.00,495.00
"Spring ISD",2006,4,509.00,428.00
"Spring ISD",2007,3,540.00,415.00
"Spring ISD",2008,4,687.00,534.00
"Spring ISD",2009,4,678.00,585.00
"Spring ISD",2010,4,740.00,651.00
"Spring ISD",2011,4,659.00,617.00
"Spring ISD",2012,4,574.00,503.00
"Spring ISD",2013,5,1060.00,857.00
"Spring ISD",2014,5,1258.00,917.00
"Spring ISD",2015,4,1060.00,772.00
"Spring ISD",2016,4,957.00,733.00
"Spring ISD",2017,5,1086.00,916.00
"Spring ISD",2018,6,1073.00,750.00
"Stephenville ISD",2007,1,135.00,70.00
"Stephenville ISD",2008,1,85.00,50.00
"Stephenville ISD",2009,1,78.00,43.00
"Stephenville ISD",2010,1,76.00,54.00
"Stephenville ISD",2011,1,91.00,56.00
"Stephenville ISD",2012,1,78.00,56.00
"Stephenville ISD",2013,1,73.00,56.00
"Stephenville ISD",2014,1,109.00,82.00
"Stephenville ISD",2015,1,101.00,54.00
"Stephenville ISD",2016,1,66.00,42.00
"Stephenville ISD",2017,1,73.00,56.00
"Stephenville ISD",2018,1,67.00,47.00
"Sunnyvale ISD",2015,1,228.00,99.00
"Sunnyvale ISD",2016,1,220.00,86.00
"Sunnyvale ISD",2017,1,251.00,118.00
"Sunnyvale ISD",2018,1,257.00,129.00
"Taft ISD",2009,1,77.00,74.00
"Taft ISD",2010,1,82.00,82.00
"Taft ISD",2011,1,71.00,69.00
"Taft ISD",2012,1,92.00,90.00
"Taft ISD",2013,1,95.00,95.00
"Taft ISD",2014,1,99.00,99.00
"Taft ISD",2015,1,92.00,92.00
"Taft ISD",2016,1,93.00,92.00
"Taft ISD",2017,1,63.00,63.00
"Taft ISD",2018,1,48.00,45.00
"Temple ISD",2000,1,43.00,27.00
"Temple ISD",2001,1,89.00,47.00
"Temple ISD",2002,1,161.00,120.00
"Temple ISD",2003,1,100.00,79.00
"Temple ISD",2004,1,144.00,101.00
"Temple ISD",2005,1,123.00,95.00
"Temple ISD",2006,1,106.00,91.00
"Temple ISD",2007,1,91.00,75.00
"Temple ISD",2008,1,142.00,99.00
"Temple ISD",2009,1,180.00,122.00
"Temple ISD",2010,1,179.00,138.00
"Temple ISD",2011,1,165.00,115.00
"Temple ISD",2012,1,267.00,161.00
"Temple ISD",2013,1,353.00,215.00
"Temple ISD",2014,1,339.00,206.00
"Temple ISD",2015,1,303.00,197.00
"Temple ISD",2016,1,336.00,207.00
"Temple ISD",2017,1,296.00,156.00
"Temple ISD",2018,1,357.00,215.00
"Texarkana ISD",2017,1,49.00,24.00
"Texarkana ISD",2018,1,60.00,39.00
"Texas City ISD",1999,1,188.00,79.00
"Texas City ISD",2000,1,215.00,114.00
"Texas City ISD",2001,1,259.00,133.00
"Texas City ISD",2002,1,284.00,132.00
"Texas City ISD",2003,1,348.00,165.00
"Texas City ISD",2004,1,609.00,327.00
"Texas City ISD",2005,1,589.00,384.00
"Texas City ISD",2006,1,564.00,291.00
"Texas City ISD",2007,1,543.00,321.00
"Texas City ISD",2008,1,495.00,347.00
"Texas City ISD",2009,1,505.00,302.00
"Texas City ISD",2010,1,481.00,327.00
"Texas City ISD",2011,1,438.00,322.00
"Texas City ISD",2012,1,411.00,304.00
"Texas City ISD",2013,1,392.00,265.00
"Texas City ISD",2014,1,412.00,348.00
"Texas City ISD",2015,1,437.00,365.00
"Texas City ISD",2016,1,457.00,406.00
"Texas City ISD",2017,1,507.00,446.00
"Texas City ISD",2018,1,491.00,468.00
"Tomball ISD",2000,1,71.00,37.00
"Tomball ISD",2001,1,57.00,0.00
"Tomball ISD",2002,1,68.00,1.00
"Tomball ISD",2003,1,69.00,16.00
"Tomball ISD",2004,1,83.00,35.00
"Tomball ISD",2005,1,85.00,25.00
"Tomball ISD",2006,1,84.00,54.00
"Tomball ISD",2007,1,125.00,82.00
"Tomball ISD",2008,1,88.00,61.00
"Tomball ISD",2009,1,82.00,57.00
"Tomball ISD",2010,1,75.00,56.00
"Tomball ISD",2011,1,83.00,57.00
"Tomball ISD",2012,1,74.00,56.00
"Tomball ISD",2013,2,246.00,72.00
"Tomball ISD",2014,2,276.00,52.00
"Tomball ISD",2015,2,332.00,79.00
"Tomball ISD",2016,2,373.00,93.00
"Tomball ISD",2017,2,382.00,97.00
"Tomball ISD",2018,2,403.00,133.00
"Trinity ISD",2007,1,122.00,72.00
"Trinity ISD",2008,1,77.00,57.00
"Trinity ISD",2011,1,444.00,263.00
"Trinity ISD",2012,1,3665.00,1631.00
"Trinity ISD",2013,1,5319.00,2899.00
"Trinity ISD",2014,1,5999.00,2832.00
"Tyler ISD",1999,1,82.00,9.00
"Tyler ISD",2000,1,84.00,12.00
"Tyler ISD",2001,1,118.00,7.00
"Tyler ISD",2002,1,309.00,40.00
"Tyler ISD",2003,1,186.00,15.00
"Tyler ISD",2004,1,222.00,105.00
"Tyler ISD",2005,1,193.00,98.00
"Tyler ISD",2006,1,205.00,110.00
"Tyler ISD",2007,2,346.00,159.00
"Tyler ISD",2008,2,350.00,176.00
"Tyler ISD",2009,3,375.00,201.00
"Tyler ISD",2010,3,428.00,261.00
"Tyler ISD",2011,3,567.00,298.00
"Tyler ISD",2012,3,652.00,353.00
"Tyler ISD",2013,4,887.00,390.00
"Tyler ISD",2014,5,1277.00,560.00
"Tyler ISD",2015,5,1480.00,652.00
"Tyler ISD",2016,5,1471.00,686.00
"Tyler ISD",2017,3,1188.00,426.00
"Tyler ISD",2018,4,1269.00,502.00
"United ISD",2000,1,117.00,56.00
"United ISD",2001,1,119.00,53.00
"United ISD",2002,1,193.00,137.00
"United ISD",2003,1,220.00,187.00
"United ISD",2004,1,313.00,246.00
"United ISD",2005,1,273.00,252.00
"United ISD",2006,1,316.00,290.00
"United ISD",2007,2,456.00,417.00
"United ISD",2008,2,419.00,400.00
"United ISD",2009,3,601.00,579.00
"United ISD",2010,3,663.00,632.00
"United ISD",2011,3,648.00,616.00
"United ISD",2012,2,492.00,481.00
"United ISD",2013,2,455.00,424.00
"United ISD",2014,2,408.00,385.00
"United ISD",2015,3,846.00,675.00
"United ISD",2016,3,916.00,759.00
"United ISD",2017,3,987.00,793.00
"United ISD",2018,3,956.00,774.00
"Uvalde Cons ISD",1999,1,129.00,83.00
"Uvalde Cons ISD",2000,1,91.00,76.00
"Uvalde Cons ISD",2001,1,158.00,139.00
"Uvalde Cons ISD",2002,1,181.00,147.00
"Uvalde Cons ISD",2003,1,196.00,155.00
"Uvalde Cons ISD",2004,1,138.00,110.00
"Uvalde Cons ISD",2005,1,122.00,103.00
"Uvalde Cons ISD",2006,1,140.00,120.00
"Uvalde Cons ISD",2007,1,138.00,111.00
"Uvalde Cons ISD",2008,1,132.00,123.00
"Uvalde Cons ISD",2009,1,109.00,102.00
"Uvalde Cons ISD",2010,2,108.00,96.00
"Uvalde Cons ISD",2011,1,76.00,66.00
"Uvalde Cons ISD",2012,1,125.00,115.00
"Van ISD",2007,1,6.00,6.00
"Van ISD",2008,1,2.00,2.00
"Van ISD",2009,1,2.00,2.00
"Van ISD",2010,1,3.00,3.00
"Victoria ISD",2003,1,63.00,36.00
"Victoria ISD",2004,1,145.00,84.00
"Victoria ISD",2005,1,184.00,134.00
"Victoria ISD",2006,1,110.00,99.00
"Victoria ISD",2007,1,116.00,101.00
"Victoria ISD",2008,1,188.00,158.00
"Victoria ISD",2009,1,227.00,216.00
"Victoria ISD",2010,1,218.00,206.00
"Victoria ISD",2011,1,307.00,283.00
"Waco ISD",1997,1,62.00,59.00
"Waco ISD",1998,1,145.00,145.00
"Waco ISD",1999,2,226.00,211.00
"Waco ISD",2000,2,277.00,236.00
"Waco ISD",2001,2,289.00,267.00
"Waco ISD",2002,2,309.00,289.00
"Waco ISD",2003,2,309.00,278.00
"Waco ISD",2004,4,429.00,412.00
"Waco ISD",2005,4,485.00,466.00
"Waco ISD",2006,4,462.00,409.00
"Waco ISD",2007,5,673.00,517.00
"Waco ISD",2008,6,886.00,724.00
"Waco ISD",2009,7,1166.00,878.00
"Waco ISD",2010,7,1336.00,1017.00
"Waco ISD",2011,7,1592.00,1276.00
"Waco ISD",2012,7,1694.00,1275.00
"Waco ISD",2013,8,1860.00,1390.00
"Waco ISD",2014,8,1966.00,1488.00
"Waco ISD",2015,8,2047.00,1568.00
"Waco ISD",2016,8,2096.00,1589.00
"Waco ISD",2017,7,2061.00,1542.00
"Waco ISD",2018,8,2350.00,1804.00
"Waxahachie ISD",2000,1,172.00,94.00
"Waxahachie ISD",2001,1,241.00,130.00
"Waxahachie ISD",2002,1,291.00,140.00
"Waxahachie ISD",2003,1,343.00,167.00
"Waxahachie ISD",2004,1,319.00,211.00
"Waxahachie ISD",2005,1,408.00,249.00
"Waxahachie ISD",2006,1,269.00,166.00
"Waxahachie ISD",2007,1,282.00,183.00
"Waxahachie ISD",2008,1,250.00,160.00
"Waxahachie ISD",2009,3,253.00,154.00
"Waxahachie ISD",2010,3,260.00,157.00
"Waxahachie ISD",2011,3,207.00,113.00
"Waxahachie ISD",2012,3,420.00,283.00
"Waxahachie ISD",2013,3,450.00,197.00
"Waxahachie ISD",2014,3,414.00,180.00
"Waxahachie ISD",2015,3,509.00,432.00
"Waxahachie ISD",2016,4,1123.00,607.00
"Waxahachie ISD",2017,3,1123.00,575.00
"Waxahachie ISD",2018,2,1223.00,687.00
"Weatherford ISD",2007,1,110.00,56.00
"Weatherford ISD",2008,1,144.00,60.00
"Weatherford ISD",2009,1,136.00,63.00
"Weatherford ISD",2010,1,149.00,74.00
"Weatherford ISD",2011,1,140.00,69.00
"Weatherford ISD",2012,1,132.00,65.00
"Weatherford ISD",2013,1,118.00,56.00
"Weatherford ISD",2014,1,117.00,57.00
"Weatherford ISD",2015,1,90.00,41.00
"Weatherford ISD",2016,1,98.00,47.00
"Weatherford ISD",2017,1,86.00,47.00
"Weatherford ISD",2018,1,109.00,59.00
"Weslaco ISD",2002,1,43.00,43.00
"Weslaco ISD",2003,1,132.00,132.00
"Weslaco ISD",2004,1,221.00,221.00
"Weslaco ISD",2005,1,126.00,122.00
"Weslaco ISD",2006,1,141.00,141.00
"Weslaco ISD",2007,1,180.00,179.00
"Weslaco ISD",2008,2,341.00,297.00
"Weslaco ISD",2009,3,335.00,297.00
"Weslaco ISD",2010,3,354.00,312.00
"Weslaco ISD",2011,3,499.00,435.00
"Weslaco ISD",2012,5,998.00,851.00
"Weslaco ISD",2013,5,1265.00,1083.00
"Weslaco ISD",2014,5,1578.00,1347.00
"Weslaco ISD",2015,6,2156.00,1783.00
"Weslaco ISD",2016,5,2359.00,2048.00
"Weslaco ISD",2017,5,2876.00,2506.00
"Weslaco ISD",2018,5,3187.00,2818.00
"West Orange-Cove Cons ISD",2009,1,9.00,6.00
"West Orange-Cove Cons ISD",2010,1,51.00,50.00
"West Orange-Cove Cons ISD",2011,1,74.00,68.00
"West Orange-Cove Cons ISD",2012,1,100.00,97.00
"West Orange-Cove Cons ISD",2013,1,117.00,115.00
"West Orange-Cove Cons ISD",2014,1,83.00,76.00
"West Orange-Cove Cons ISD",2015,1,77.00,77.00
"West Orange-Cove Cons ISD",2016,1,66.00,63.00
"West Orange-Cove Cons ISD",2017,1,90.00,90.00
"West Orange-Cove Cons ISD",2018,1,97.00,54.00
"White Settlement ISD",2016,1,457.00,117.00
"White Settlement ISD",2017,1,804.00,215.00
"White Settlement ISD",2018,1,945.00,271.00
"Whitehouse ISD",2016,1,153.00,44.00
"Whitehouse ISD",2017,2,705.00,321.00
"Whitehouse ISD",2018,2,1012.00,398.00
"Wichita Falls ISD",1999,1,67.00,3.00
"Wichita Falls ISD",2000,1,67.00,0.00
"Wichita Falls ISD",2001,1,69.00,35.00
"Wichita Falls ISD",2002,1,81.00,37.00
"Wichita Falls ISD",2003,1,159.00,63.00
"Wichita Falls ISD",2004,1,173.00,87.00
"Wichita Falls ISD",2005,1,156.00,64.00
"Wichita Falls ISD",2006,1,168.00,78.00
"Wichita Falls ISD",2007,1,173.00,71.00
"Wichita Falls ISD",2008,1,161.00,71.00
"Wichita Falls ISD",2009,1,166.00,79.00
"Wichita Falls ISD",2010,1,197.00,54.00
"Wichita Falls ISD",2011,1,187.00,55.00
"Wichita Falls ISD",2012,1,192.00,96.00
"Wichita Falls ISD",2013,1,168.00,85.00
"Wichita Falls ISD",2014,1,159.00,97.00
"Wichita Falls ISD",2015,1,115.00,60.00
"Willis ISD",2009,1,145.00,40.00
"Willis ISD",2010,1,153.00,46.00
"Willis ISD",2011,1,314.00,147.00
"Willis ISD",2012,1,332.00,107.00
"Willis ISD",2013,1,145.00,54.00
"Willis ISD",2014,1,158.00,79.00
"Willis ISD",2015,1,147.00,54.00
"Willis ISD",2016,1,144.00,44.00
"Willis ISD",2017,1,157.00,67.00
"Willis ISD",2018,1,161.00,84.00
"Wimberley ISD",2000,1,61.00,16.00
"Wimberley ISD",2001,1,114.00,16.00
"Wimberley ISD",2002,1,113.00,18.00
"Wimberley ISD",2003,1,119.00,38.00
"Wimberley ISD",2004,1,125.00,49.00
"Wimberley ISD",2005,1,115.00,39.00
"Wimberley ISD",2006,1,99.00,40.00
"Wimberley ISD",2007,1,124.00,38.00
"Wimberley ISD",2008,1,122.00,31.00
"Wimberley ISD",2009,1,121.00,34.00
"Wimberley ISD",2010,1,124.00,56.00
"Wimberley ISD",2011,1,139.00,71.00
"Wimberley ISD",2012,1,146.00,74.00
"Wimberley ISD",2013,1,137.00,64.00
"Wimberley ISD",2014,1,150.00,79.00
"Wimberley ISD",2015,1,146.00,74.00
"Wimberley ISD",2016,1,164.00,67.00
"Wimberley ISD",2017,1,159.00,73.00
"Wimberley ISD",2018,1,157.00,63.00
"Ysleta ISD",2001,2,284.00,249.00
"Ysleta ISD",2002,3,734.00,482.00
"Ysleta ISD",2003,3,879.00,683.00
"Ysleta ISD",2004,3,1056.00,660.00
"Ysleta ISD",2005,3,825.00,726.00
"Ysleta ISD",2006,3,693.00,588.00
"Ysleta ISD",2007,4,912.00,720.00
"Ysleta ISD",2008,4,876.00,750.00
"Ysleta ISD",2009,4,779.00,651.00
"Ysleta ISD",2010,4,871.00,714.00
"Ysleta ISD",2011,2,388.00,292.00
"Ysleta ISD",2012,2,390.00,319.00
"Ysleta ISD",2013,2,435.00,348.00
"Ysleta ISD",2014,2,407.00,318.00
"Ysleta ISD",2015,3,1410.00,1045.00
"Ysleta ISD",2016,4,1412.00,1093.00
"Ysleta ISD",2017,5,1891.00,1394.00
"Ysleta ISD",2018,5,1992.00,1316.00
